time,open,high,low,close,volume
2018-10-08,6.41,6.48,6.39,6.45,2175364
2018-10-09,6.45,6.48,6.43,6.45,3010019
2018-10-10,6.45,6.48,6.41,6.43,2803041
2018-10-11,6.37,6.37,5.81,5.93,9392018
2018-10-12,5.85,6.12,5.74,6.12,4923922
2018-10-15,6.16,6.16,5.93,5.93,2403128
2018-10-16,5.93,6.02,5.93,5.99,1942897
2018-10-17,6.06,6.12,6.01,6.02,2292759
2018-10-18,6.02,6.02,5.91,5.93,1691619
2018-10-19,5.91,6.12,5.78,5.93,2186199
2018-10-22,5.93,5.99,5.89,5.89,1648420
2018-10-23,5.89,5.89,5.64,5.66,4059421
2018-10-24,5.66,5.8,5.6,5.6,3420367
2018-10-25,5.53,5.62,5.28,5.53,5147562
2018-10-26,5.57,5.72,5.41,5.41,2884427
2018-10-29,5.41,5.43,5.26,5.36,3999762
2018-10-30,5.36,5.57,5.32,5.45,3626018
2018-10-31,5.47,5.8,5.47,5.8,4795396
2018-11-01,5.8,5.85,5.6,5.6,2904172
2018-11-02,5.64,5.81,5.64,5.81,4366028
2018-11-05,5.81,5.83,5.66,5.78,3088300
2018-11-06,5.78,5.81,5.62,5.62,2657882
2018-11-07,5.64,5.68,5.55,5.6,2944403
2018-11-08,5.68,5.74,5.6,5.62,2607660
2018-11-09,5.62,5.66,5.49,5.49,2981239
2018-11-12,5.49,5.51,5.41,5.49,1775059
2018-11-13,5.47,5.47,5.36,5.41,2753099
2018-11-14,5.39,5.45,5.24,5.28,3291576
2018-11-15,5.18,5.37,5.18,5.26,2698586
2018-11-16,5.26,5.53,5.26,5.45,3519615
2018-11-19,5.41,5.55,5.41,5.55,2238672
2018-11-20,5.55,5.55,5.47,5.53,2168097
2018-11-21,5.47,5.55,5.41,5.53,2458849
2018-11-22,5.72,5.76,5.57,5.62,4403748
2018-11-23,5.64,5.64,5.55,5.55,2688110
2018-11-26,5.45,5.57,5.45,5.57,1633057
2018-11-27,5.57,5.6,5.47,5.51,2599848
2018-11-28,5.13,5.64,5.13,5.62,3171523
2018-11-29,5.64,5.74,5.64,5.64,3544622
2018-11-30,5.26,5.76,5.26,5.7,2971296
2018-12-03,5.72,5.99,5.72,5.99,4691062
2018-12-04,5.99,6.04,5.89,5.95,2802120
2018-12-05,5.91,5.97,5.81,5.93,3447060
2018-12-06,5.89,5.99,5.85,5.89,3345040
2018-12-07,5.91,5.99,5.85,5.85,2288776
2018-12-10,5.83,5.91,5.72,5.83,2669530
2018-12-11,5.26,5.93,5.26,5.85,2484639
2018-12-12,5.8,5.91,5.8,5.91,1157684
2018-12-13,5.93,5.95,5.87,5.87,1772531
2018-12-14,5.87,5.87,5.81,5.81,2099130
2018-12-17,5.8,5.81,5.66,5.66,2746380
2018-12-18,5.62,5.66,5.55,5.66,2694145
2018-12-19,6.22,6.22,5.58,5.66,1319853
2018-12-20,5.62,5.68,5.6,5.66,1170804
2018-12-21,5.64,5.64,5.57,5.62,1670803
2018-12-24,5.36,5.64,5.36,5.55,2237789
2018-12-25,5.51,5.51,5.37,5.51,4310235
2018-12-26,4.97,5.55,4.97,5.49,1518665
2018-12-27,5.62,5.68,5.55,5.62,2409678
2018-12-28,5.64,5.66,5.55,5.66,2193351
2019-01-02,5.66,5.66,5.53,5.58,1103106
2019-01-03,5.03,5.57,5.03,5.37,1956382
2019-01-04,5.36,5.45,5.28,5.41,2771983
2019-01-07,5.53,5.53,5.45,5.49,1305819
2019-01-08,6.01,6.01,5.45,5.45,846226
2019-01-09,5.47,5.57,5.45,5.55,2196358
2019-01-10,5.55,5.57,5.53,5.53,1378687
2019-01-11,5.55,5.57,5.51,5.53,1250077
2019-01-14,5.51,5.53,5.49,5.49,937155
2019-01-15,5.39,5.57,5.07,5.57,901146
2019-01-16,5.57,5.6,5.51,5.51,509354
2019-01-17,5.53,5.57,5.51,5.53,737519
2019-01-18,5.55,5.55,5.43,5.47,1412966
2019-01-21,5.49,5.74,5.49,5.64,2079830
2019-01-22,5.68,5.7,5.57,5.57,1845725
2019-01-23,5.55,5.58,5.53,5.57,1160094
2019-01-24,5.58,5.64,5.55,5.58,1743450
2019-01-25,5.7,5.7,5.57,5.58,836534
2019-01-28,5.58,5.6,5.36,5.53,997088
2019-01-29,5.51,5.55,5.47,5.55,1091518
2019-01-30,5.93,5.93,5.55,5.6,1565464
2019-01-31,5.66,5.7,5.6,5.62,1674668
2019-02-01,5.62,5.66,5.6,5.64,781100
2019-02-11,5.7,5.91,5.66,5.78,1713857
2019-02-12,5.78,5.85,5.78,5.83,2059630
2019-02-13,5.85,5.87,5.8,5.83,2093177
2019-02-14,5.83,5.83,5.76,5.76,1357835
2019-02-15,5.76,5.81,5.74,5.78,2176902
2019-02-18,5.78,5.83,5.78,5.81,1908779
2019-02-19,5.83,5.83,5.78,5.8,2754758
2019-02-20,5.8,5.83,5.78,5.81,1693486
2019-02-21,5.81,5.87,5.76,5.76,2970459
2019-02-22,5.78,5.89,5.74,5.83,3974330
2019-02-25,5.87,6.01,5.83,5.93,3874034
2019-02-26,5.89,5.97,5.85,5.89,2277127
2019-02-27,5.89,5.91,5.83,5.85,1544839
2019-02-28,5.89,5.89,5.68,5.68,3793504
2019-03-01,5.7,5.76,5.64,5.74,1478830
2019-03-04,5.74,5.83,5.72,5.81,3120806
2019-03-05,5.81,5.87,5.76,5.8,2465893
2019-03-06,5.78,5.81,5.74,5.8,1178516
2019-03-07,5.81,5.87,5.8,5.83,3301746
2019-03-08,5.81,5.85,5.78,5.8,1416810
2019-03-11,5.8,5.85,5.78,5.81,1032198
2019-03-12,5.83,5.91,5.8,5.91,2504257
2019-03-13,5.95,6.06,5.91,6.01,5473410
2019-03-14,6.01,6.12,5.99,6.02,2333220
2019-03-15,6.04,6.08,5.99,6.06,2649931
2019-03-18,6.08,6.16,6.06,6.1,3739699
2019-03-19,6.12,6.12,5.97,5.99,2828856
2019-03-20,6.01,6.01,5.87,5.93,3143264
2019-03-21,5.93,6.01,5.81,5.81,2939770
2019-03-22,5.81,5.87,5.81,5.83,1819172
2019-03-25,5.81,5.81,5.72,5.76,2275202
2019-03-26,5.78,5.81,5.76,5.8,1540206
2019-03-27,5.81,5.85,5.78,5.81,856984
2019-03-28,5.81,5.83,5.78,5.8,1366727
2019-03-29,5.8,5.83,5.78,5.8,1915257
2019-04-01,5.8,5.83,5.8,5.8,751744
2019-04-02,5.83,5.87,5.8,5.8,1184570
2019-04-03,5.83,5.83,5.72,5.76,1394796
2019-04-04,5.72,5.8,5.72,5.78,1091143
2019-04-05,5.78,5.81,5.76,5.78,767879
2019-04-08,5.78,5.91,5.78,5.89,2224599
2019-04-09,5.89,5.93,5.83,5.83,1801683
2019-04-10,5.8,5.83,5.78,5.78,868574
2019-04-11,5.85,5.85,5.76,5.8,905666
2019-04-12,5.78,5.8,5.74,5.78,1051329
2019-04-16,5.78,5.78,5.7,5.74,1328836
2019-04-17,5.76,5.8,5.72,5.72,688254
2019-04-18,5.6,5.74,5.6,5.68,1019057
2019-04-19,5.7,5.72,5.66,5.66,599302
2019-04-22,5.68,5.68,5.57,5.6,1362678
2019-04-23,5.62,5.72,5.57,5.66,1651748
2019-04-24,5.68,5.78,5.64,5.76,1062284
2019-04-25,5.76,5.81,5.72,5.74,745480
2019-04-26,5.74,5.78,5.72,5.76,1123078
2019-05-02,5.78,5.8,5.68,5.68,1134878
2019-05-03,5.7,5.74,5.7,5.74,1115126
2019-05-06,5.74,5.74,5.62,5.62,1381176
2019-05-07,5.74,5.74,5.58,5.64,869471
2019-05-08,5.6,5.66,5.57,5.64,1019991
2019-05-09,5.62,5.64,5.57,5.57,603773
2019-05-10,5.57,5.62,5.55,5.6,646916
2019-05-13,5.62,5.66,5.58,5.58,913337
2019-05-14,5.58,5.6,5.53,5.57,1601854
2019-05-15,5.57,5.68,5.57,5.64,1290890
2019-05-16,5.66,5.66,5.58,5.6,1467241
2019-05-17,5.6,5.62,5.58,5.58,852070
2019-05-20,5.6,5.64,5.57,5.6,675438
2019-05-21,5.62,5.68,5.6,5.62,1385291
2019-05-22,5.62,5.72,5.62,5.66,1274690
2019-05-23,5.72,5.74,5.6,5.64,630966
2019-05-24,5.2,5.64,5.2,5.58,891367
2019-05-27,5.57,5.58,5.55,5.55,911886
2019-05-28,5.55,5.58,5.53,5.53,941132
2019-05-29,5.53,5.58,5.49,5.58,1083726
2019-05-30,5.57,5.58,5.55,5.57,725399
2019-05-31,5.55,5.57,5.49,5.55,1025615
2019-06-03,5.49,5.55,5.47,5.49,1150302
2019-06-04,5.49,5.55,5.47,5.47,870018
2019-06-05,5.47,5.53,5.47,5.53,1056785
2019-06-06,5.53,5.53,5.43,5.45,912088
2019-06-07,5.45,5.51,5.45,5.49,282088
2019-06-10,5.49,5.53,5.47,5.47,463155
2019-06-11,5.47,5.49,5.47,5.47,563995
2019-06-12,5.47,5.49,5.45,5.45,557708
2019-06-13,5.45,5.49,5.45,5.47,846792
2019-06-14,5.47,5.55,5.47,5.49,1047441
2019-06-17,5.49,5.53,5.47,5.49,896432
2019-06-18,5.49,5.55,5.49,5.53,769216
2019-06-19,5.53,5.57,5.51,5.53,506197
2019-06-20,5.53,5.66,5.51,5.66,1436398
2019-06-21,5.66,5.74,5.62,5.64,826692
2019-06-24,5.64,5.68,5.62,5.64,1421227
2019-06-25,5.64,5.66,5.55,5.58,1331315
2019-06-26,5.55,5.58,5.55,5.55,389568
2019-06-27,5.55,5.57,5.47,5.47,873525
2019-06-28,5.47,5.53,5.45,5.53,670700
2019-07-01,5.62,5.62,5.55,5.58,640739
2019-07-02,5.58,5.58,5.53,5.53,388434
2019-07-03,5.55,5.57,5.49,5.51,643573
2019-07-04,5.53,5.6,5.53,5.58,925764
2019-07-05,5.6,5.62,5.57,5.58,799873
2019-07-08,5.58,5.62,5.53,5.55,428679
2019-07-09,5.55,5.7,5.55,5.7,2778824
2019-07-10,5.7,5.74,5.66,5.66,1121395
2019-07-11,5.66,5.81,5.66,5.78,2082872
2019-07-12,5.8,5.81,5.74,5.76,888185
2019-07-15,5.76,5.78,5.72,5.74,933272
2019-07-16,5.74,5.81,5.74,5.78,1196262
2019-07-17,5.78,5.91,5.78,5.87,2508774
2019-07-18,5.81,5.89,5.78,5.89,1601573
2019-07-19,6.12,6.12,5.89,5.97,2877999
2019-07-22,6.56,6.56,5.87,5.93,1903199
2019-07-23,5.93,5.95,5.87,5.89,1951764
2019-07-24,5.89,5.95,5.8,5.87,3961188
2019-07-25,5.92,5.99,5.89,5.89,2097782
2019-07-26,5.92,5.92,5.79,5.82,1052101
2019-07-29,5.77,5.82,5.69,5.72,1258626
2019-07-30,5.67,5.79,5.67,5.69,1100105
2019-07-31,5.74,5.74,5.64,5.67,893714
2019-08-01,5.64,5.72,5.57,5.59,1903052
2019-08-02,5.59,5.62,5.47,5.54,1774559
2019-08-05,5.54,5.54,5.42,5.47,2538864
2019-08-06,5.1,5.45,5.1,5.4,1820835
2019-08-07,5.42,5.47,5.37,5.37,1031673
2019-08-08,5.12,5.47,4.97,5.47,1066927
2019-08-09,5.32,5.54,5.32,5.45,726110
2019-08-12,5.47,5.47,5.42,5.47,578401
2019-08-13,5.45,5.47,5.37,5.45,574727
2019-08-14,5.47,5.52,5.4,5.4,906910
2019-08-15,5.4,5.4,5.3,5.4,1470311
2019-08-16,5.45,5.5,5.35,5.45,1536110
2019-08-19,5.47,5.54,5.45,5.47,1209980
2019-08-20,5.5,5.54,5.5,5.52,1318890
2019-08-21,5.52,5.57,5.5,5.54,2791144
2019-08-22,5.59,5.67,5.57,5.64,1653260
2019-08-23,5.64,5.67,5.57,5.62,815330
2019-08-26,5.59,5.59,5.5,5.59,1015427
2019-08-27,5.57,5.62,5.54,5.59,1016097
2019-08-28,5.57,5.59,5.52,5.52,513225
2019-08-29,5.54,5.57,5.47,5.5,636900
2019-08-30,5.54,5.59,5.5,5.52,544010
2019-09-03,5.52,5.57,5.45,5.5,484897
2019-09-04,5.5,5.5,5.42,5.47,365320
2019-09-05,5.5,5.5,5.45,5.47,625327
2019-09-06,5.47,5.5,5.4,5.45,516662
2019-09-09,5.42,5.47,5.4,5.45,369511
2019-09-10,5.45,5.45,5.37,5.4,821441
2019-09-11,5.4,5.42,5.37,5.42,429890
2019-09-12,5.45,5.52,5.42,5.52,622048
2019-09-13,5.54,5.62,5.5,5.62,1325067
2019-09-16,5.62,5.64,5.54,5.57,1238267
2019-09-17,5.57,5.57,5.5,5.54,1189898
2019-09-18,5.54,5.62,5.52,5.57,1542208
2019-09-19,5.57,5.77,5.54,5.74,3421555
2019-09-20,5.84,6.32,5.74,5.77,2535289
2019-09-23,5.77,5.87,5.74,5.79,2878182
2019-09-24,5.79,5.82,5.74,5.77,1324749
2019-09-25,5.74,5.77,5.69,5.72,1522720
2019-09-26,5.72,5.79,5.69,5.79,2320597
2019-09-27,6.22,6.22,5.77,5.77,2163685
2019-09-30,5.79,5.87,5.77,5.82,2304040
2019-10-01,5.82,5.89,5.79,5.89,1846967
2019-10-02,5.84,5.92,5.84,5.87,2160049
2019-10-03,5.84,5.87,5.79,5.87,1856827
2019-10-04,5.87,5.92,5.84,5.87,1582366
2019-10-07,5.87,5.87,5.77,5.77,1931392
2019-10-08,5.77,5.82,5.74,5.79,1159716
2019-10-09,5.82,5.89,5.79,5.89,1715656
2019-10-10,5.89,6.04,5.89,5.97,4857384
2019-10-11,5.97,6.02,5.94,5.97,1525076
2019-10-14,5.97,6.09,5.97,6.09,3538655
2019-10-15,6.09,6.12,6.04,6.07,2327203
2019-10-16,6.09,6.12,6.07,6.07,2073772
2019-10-17,6.04,6.07,5.99,6.07,1915729
2019-10-18,6.09,6.09,5.97,5.99,1865732
2019-10-21,5.97,6.02,5.82,5.82,2742188
2019-10-22,5.82,5.84,5.79,5.84,1660272
2019-10-23,5.84,5.89,5.84,5.84,983685
2019-10-24,5.87,5.87,5.82,5.87,921275
2019-10-25,5.87,5.87,5.82,5.87,1105479
2019-10-28,5.87,5.94,5.87,5.89,1090296
2019-10-29,5.92,5.94,5.87,5.89,1702377
2019-10-30,5.92,6.07,5.87,6.04,7431303
2019-10-31,6.04,6.07,5.59,5.99,1293107
2019-11-01,5.89,6.04,5.89,6.02,1907428
2019-11-04,6.02,6.14,6.02,6.12,3939389
2019-11-05,6.14,6.19,6.12,6.12,3578931
2019-11-06,6.17,6.17,6.09,6.12,2507149
2019-11-07,6.12,6.14,6.09,6.12,2102499
2019-11-08,6.19,6.24,6.12,6.17,3921492
2019-11-11,6.17,6.19,6.14,6.14,1719955
2019-11-12,6.14,6.14,6.09,6.14,1574994
2019-11-13,6.14,6.29,6.14,6.22,3575361
2019-11-14,6.22,6.24,6.09,6.09,2291325
2019-11-15,6.07,6.12,6.07,6.07,1652242
2019-11-18,6.07,6.09,5.97,5.99,2764302
2019-11-19,5.99,6.02,5.97,6.02,1398481
2019-11-20,6.04,6.04,5.94,5.94,1357644
2019-11-21,5.47,5.99,5.47,5.97,1782516
2019-11-22,5.97,5.97,5.74,5.77,3363603
2019-11-25,5.79,5.87,5.77,5.82,1949233
2019-11-26,5.84,5.89,5.84,5.87,577968
2019-11-27,5.87,5.89,5.77,5.77,952900
2019-11-28,5.79,5.79,5.67,5.69,1688171
2019-11-29,5.69,5.74,5.67,5.74,800193
2019-12-02,5.74,5.77,5.59,5.62,1640609
2019-12-03,5.64,5.69,5.57,5.62,1422078
2019-12-04,5.64,5.74,5.59,5.74,1314925
2019-12-05,5.77,5.77,5.69,5.72,1242216
2019-12-06,5.72,5.74,5.69,5.72,698762
2019-12-09,5.72,5.72,5.64,5.69,814425
2019-12-10,5.69,5.72,5.62,5.67,573899
2019-12-11,5.67,5.69,5.62,5.69,785569
2019-12-12,5.69,5.74,5.69,5.72,656342
2019-12-13,5.72,5.79,5.72,5.77,1445939
2019-12-16,5.77,5.77,5.72,5.72,951838
2019-12-17,5.72,5.72,5.67,5.67,940104
2019-12-18,5.64,5.67,5.59,5.59,1132793
2019-12-19,5.62,5.62,5.57,5.59,625416
2019-12-20,5.62,5.64,5.59,5.64,1043390
2019-12-23,5.64,5.72,5.64,5.67,1786089
2019-12-24,5.69,5.69,5.64,5.64,821359
2019-12-25,5.67,5.69,5.62,5.69,1121331
2019-12-26,5.67,5.67,5.62,5.62,893827
2019-12-27,5.62,5.64,5.59,5.64,906262
2019-12-30,5.64,5.69,5.62,5.64,1367912
2019-12-31,5.64,5.69,5.59,5.67,1649842
2020-01-02,5.67,5.72,5.64,5.72,1163109
2020-01-03,5.72,5.77,5.69,5.72,1055528
2020-01-06,5.72,5.72,5.59,5.59,1286035
2020-01-07,5.59,5.64,5.59,5.59,1050934
2020-01-08,5.59,5.59,5.47,5.5,2304937
2020-01-09,5.52,5.62,5.52,5.57,1422248
2020-01-10,5.59,5.74,5.59,5.64,2371501
2020-01-13,5.69,5.69,5.64,5.69,1523181
2020-01-14,5.69,5.84,5.69,5.84,2851982
2020-01-15,5.84,5.84,5.77,5.79,1158657
2020-01-16,5.79,5.97,5.79,5.94,2819687
2020-01-17,5.97,5.99,5.89,5.92,2706194
2020-01-20,5.92,6.14,5.92,6.04,4443379
2020-01-21,6.09,6.14,6.04,6.09,1775816
2020-01-22,6.12,6.12,6.04,6.09,1574379
2020-01-30,6.02,6.04,5.77,5.87,4250097
2020-01-31,5.84,5.92,5.69,5.72,4243264
2020-02-03,5.54,5.72,5.4,5.62,4430186
2020-02-04,5.69,5.77,5.59,5.77,2397062
2020-02-05,5.82,5.84,5.69,5.72,2790275
2020-02-06,5.74,5.97,5.72,5.97,2980981
2020-02-07,5.97,5.99,5.87,5.92,2007251
2020-02-10,5.92,5.94,5.82,5.87,1271190
2020-02-11,5.87,5.92,5.84,5.89,1862090
2020-02-12,5.92,6.39,5.92,6.37,10516207
2020-02-13,6.37,6.39,6.24,6.34,3773365
2020-02-14,6.34,6.66,6.34,6.56,8018099
2020-02-17,6.54,6.64,6.46,6.56,3764464
2020-02-18,6.56,6.74,6.54,6.61,6293208
2020-02-19,6.59,6.64,6.44,6.54,5091969
2020-02-20,6.54,6.71,6.49,6.56,5578717
2020-02-21,6.19,6.61,6.19,6.39,6333926
2020-02-24,6.34,6.37,5.92,5.97,10321149
2020-02-25,5.84,6.24,5.74,6.24,8279866
2020-02-26,6.22,6.24,6.04,6.12,4519324
2020-02-27,6.02,6.34,6.02,6.34,5309790
2020-02-28,5.72,6.29,5.72,6.27,5959642
2020-03-02,6.07,6.34,6.07,6.27,3629494
2020-03-03,6.37,6.44,6.29,6.37,6364207
2020-03-04,6.37,6.42,6.29,6.42,5047583
2020-03-05,6.46,6.56,6.32,6.37,5965022
2020-03-06,6.34,6.34,6.24,6.29,3959935
2020-03-09,6.14,6.14,5.72,5.79,16776046
2020-03-10,5.72,6.17,5.69,6.02,7582331
2020-03-11,6.04,6.07,5.72,5.82,7841324
2020-03-12,5.72,5.72,5.35,5.5,11082125
2020-03-13,5.35,5.59,5.1,5.47,9020091
2020-03-16,5.47,5.54,5.15,5.2,4614344
2020-03-17,5.17,5.32,5.0,5.25,6568088
2020-03-18,5.3,5.37,5.2,5.27,4944595
2020-03-19,5.22,5.3,5.15,5.25,4083896
2020-03-20,5.77,5.77,5.22,5.32,3341564
2020-03-23,5.27,5.32,4.8,4.8,10024177
2020-03-24,4.75,4.95,4.75,4.87,4315784
2020-03-25,4.97,5.17,4.97,5.1,4115341
2020-03-26,5.12,5.12,4.9,4.9,3631529
2020-03-27,4.9,5.0,4.85,4.9,3980631
2020-03-30,4.85,4.85,4.45,4.53,5925098
2020-03-31,4.53,4.67,4.33,4.43,4532153
2020-04-01,4.0,4.72,4.0,4.62,2761168
2020-04-03,4.5,4.82,4.5,4.75,3574343
2020-04-06,4.82,5.17,4.75,5.12,5757259
2020-04-07,5.22,5.22,4.97,5.05,4467621
2020-04-08,5.54,5.54,4.9,5.02,2331536
2020-04-09,5.52,5.52,4.97,4.97,4068966
2020-04-10,4.72,5.02,4.72,4.92,2517477
2020-04-13,4.45,5.07,4.45,4.97,1926793
2020-04-14,4.97,5.02,4.9,4.97,3167293
2020-04-15,4.97,5.15,4.97,5.02,3686239
2020-04-16,5.02,5.07,5.0,5.07,1895213
2020-04-17,5.1,5.25,5.1,5.22,4809341
2020-04-20,5.27,5.27,5.12,5.15,3064104
2020-04-21,5.12,5.12,4.9,4.92,6015799
2020-04-22,4.92,5.07,4.82,5.07,2637424
2020-04-23,5.1,5.17,5.05,5.05,2076603
2020-04-24,5.02,5.07,4.97,5.05,1264729
2020-04-27,5.05,5.12,4.97,5.0,1806851
2020-04-28,5.0,5.07,4.97,5.05,1246915
2020-04-29,5.05,5.1,5.02,5.1,1196049
2020-05-04,5.1,5.1,5.0,5.05,1193939
2020-05-05,5.02,5.07,5.02,5.05,1126770
2020-05-06,5.07,5.27,5.02,5.17,4453036
2020-05-07,5.2,5.27,5.17,5.27,2973997
2020-05-08,5.3,5.45,5.22,5.32,5995918
2020-05-11,5.45,5.45,5.32,5.4,4108808
2020-05-12,5.4,5.47,5.32,5.42,4057939
2020-05-13,5.47,5.47,5.35,5.4,3453900
2020-05-14,5.4,5.42,5.32,5.32,3827622
2020-05-15,5.35,5.52,5.32,5.4,6937907
2020-05-18,5.45,5.45,5.32,5.42,2771622
2020-05-19,5.47,5.59,5.47,5.52,5561531
2020-05-20,5.5,5.57,5.47,5.52,3116422
2020-05-21,5.52,5.64,5.45,5.57,4622625
2020-05-22,5.59,5.64,5.54,5.57,4841440
2020-05-25,5.59,5.64,5.54,5.62,3519682
2020-05-26,5.59,5.84,5.59,5.79,5267006
2020-05-27,5.84,5.89,5.67,5.67,6389497
2020-05-28,5.67,5.77,5.67,5.69,3568932
2020-05-29,5.69,5.72,5.64,5.69,2394358
2020-06-01,5.72,6.24,5.69,6.24,13859688
2020-06-02,6.34,6.59,6.17,6.17,10935462
2020-06-03,6.17,6.34,6.17,6.34,3758964
2020-06-04,6.37,6.39,6.27,6.29,5159832
2020-06-05,6.32,6.32,6.19,6.27,4025847
2020-06-08,6.27,6.46,6.27,6.32,6087882
2020-06-09,6.34,6.37,6.27,6.34,3531851
2020-06-10,6.34,6.44,6.27,6.37,6494275
2020-06-11,6.37,6.42,6.07,6.09,9172138
2020-06-12,5.97,6.09,5.82,6.09,6648375
2020-06-15,6.14,6.14,5.77,5.79,5885937
2020-06-16,5.87,6.02,5.87,5.92,4198360
2020-06-17,6.04,6.04,5.84,5.89,1599340
2020-06-18,5.89,5.94,5.82,5.92,1301526
2020-06-19,5.92,6.09,5.92,6.07,2334941
2020-06-22,6.07,6.14,5.97,5.99,2256643
2020-06-23,6.02,6.07,5.94,5.97,3282364
2020-06-24,5.97,6.04,5.89,5.92,3013466
2020-06-25,5.89,5.92,5.84,5.89,2500893
2020-06-26,5.92,5.97,5.87,5.87,1400341
2020-06-29,5.87,5.87,5.64,5.69,4353272
2020-06-30,5.72,5.79,5.57,5.67,3585625
2020-07-01,5.67,5.79,5.67,5.77,1676001
2020-07-02,5.77,5.82,5.72,5.74,1070089
2020-07-03,5.77,5.79,5.72,5.72,1271360
2020-07-06,5.72,5.89,5.72,5.87,3204367
2020-07-07,5.89,5.97,5.89,5.89,2389942
2020-07-08,5.87,5.97,5.87,5.94,1647694
2020-07-09,5.94,6.04,5.94,6.04,2248695
2020-07-10,6.04,6.07,5.92,5.97,2284971
2020-07-13,5.99,6.02,5.92,5.94,1840084
2020-07-14,5.94,5.99,5.89,5.97,1406915
2020-07-15,6.02,6.02,5.97,5.97,1570073
2020-07-16,6.02,6.02,5.94,5.97,903322
2020-07-17,5.99,6.22,5.97,6.17,7890281
2020-07-20,6.17,6.19,6.09,6.09,2622350
2020-07-21,6.09,6.12,6.02,6.12,2194410
2020-07-22,6.12,6.17,6.02,6.07,1726317
2020-07-23,6.07,6.07,5.97,6.02,1955757
2020-07-24,6.04,6.04,5.59,5.77,5532575
2020-07-27,5.2,5.69,5.2,5.42,6240477
2020-07-28,5.42,5.69,5.35,5.69,2598740
2020-07-29,5.64,5.67,5.37,5.52,4929532
2020-07-30,5.4,5.62,5.4,5.62,1914488
2020-07-31,5.64,5.64,5.5,5.59,2220749
2020-08-03,5.5,5.77,5.5,5.77,3044620
2020-08-04,5.79,5.94,5.79,5.89,2907562
2020-08-05,5.94,6.07,5.89,5.97,5472736
2020-08-06,5.99,5.99,5.89,5.92,1874899
2020-08-07,5.94,5.99,5.84,5.89,2150978
2020-08-10,5.89,5.99,5.89,5.92,2576760
2020-08-11,5.97,6.32,5.94,6.32,15333430
2020-08-12,6.42,6.44,6.27,6.32,6091725
2020-08-13,6.32,6.37,6.29,6.34,3803166
2020-08-14,6.34,6.34,6.22,6.29,6682494
2020-08-17,6.29,6.42,6.27,6.42,6222301
2020-08-18,6.46,6.49,6.37,6.37,4710796
2020-08-19,6.39,6.42,6.32,6.37,9263369
2020-08-20,6.66,6.85,6.47,6.72,19475136
2020-08-21,6.72,6.85,6.66,6.85,7392791
2020-08-24,6.85,6.95,6.79,6.79,6821518
2020-08-25,6.79,6.85,6.72,6.82,7801079
2020-08-26,6.82,6.89,6.76,6.85,6018699
2020-08-27,6.85,6.95,6.82,6.95,4863627
2020-08-28,6.98,7.05,6.89,6.92,6947593
2020-08-31,6.92,6.95,6.82,6.85,7008237
2020-09-01,6.85,6.89,6.79,6.82,7822064
2020-09-03,6.82,6.92,6.79,6.85,6080561
2020-09-04,6.79,6.85,6.72,6.82,4665691
2020-09-07,6.82,6.85,6.72,6.72,6067374
2020-09-08,6.72,6.76,6.66,6.66,12273484
2020-09-09,6.66,6.76,6.56,6.76,5021412
2020-09-10,6.76,6.85,6.76,6.76,3249267
2020-09-11,6.76,6.79,6.69,6.72,2350091
2020-09-14,6.72,6.89,6.72,6.85,5275848
2020-09-15,6.85,6.92,6.82,6.89,4632880
2020-09-16,6.85,6.89,6.82,6.85,2194115
2020-09-17,6.89,7.05,6.82,6.95,12323866
2020-09-18,6.95,7.01,6.92,7.01,3280690
2020-09-21,7.05,7.21,6.98,7.11,7244851
2020-09-22,7.11,7.21,7.01,7.21,8818518
2020-09-23,7.21,7.37,7.21,7.27,6511427
2020-09-24,7.24,7.31,7.11,7.18,5599785
2020-09-25,7.18,7.24,7.08,7.18,6416344
2020-09-28,7.18,7.37,7.18,7.31,8207740
2020-09-29,7.34,7.37,7.21,7.24,5923046
2020-09-30,7.24,7.27,7.18,7.27,3624221
2020-10-01,7.21,7.37,7.18,7.27,6510267
2020-10-02,7.24,7.6,7.24,7.44,23518516
2020-10-05,7.44,7.63,7.4,7.63,12875000
2020-10-06,7.63,7.82,7.63,7.76,10965000
2020-10-07,7.76,7.79,7.53,7.56,17681800
2020-10-08,7.5,7.66,7.44,7.5,13890500
2020-10-09,7.5,7.69,7.47,7.6,8717300
2020-10-12,7.66,7.69,7.53,7.53,8642000
2020-10-13,7.56,7.56,7.47,7.56,5319900
2020-10-14,7.6,7.79,7.56,7.76,20284500
2020-10-15,7.76,8.02,7.73,7.92,16334800
2020-10-16,7.92,8.08,7.82,7.98,8711000
2020-10-19,8.08,8.31,8.05,8.18,14148600
2020-10-20,8.21,8.28,8.08,8.18,11356300
2020-10-21,8.21,8.28,8.15,8.15,8864800
2020-10-22,8.18,8.4,8.08,8.28,9439500
2020-10-23,8.34,8.37,8.24,8.28,8023000
2020-10-26,8.28,8.34,8.02,8.02,11660700
2020-10-27,7.98,8.05,7.89,7.89,11720500
2020-10-28,7.89,7.92,7.66,7.69,14911600
2020-10-29,7.63,7.86,7.5,7.73,8510000
2020-10-30,7.79,7.86,7.69,7.79,4392700
2020-11-02,7.82,7.92,7.76,7.92,3775100
2020-11-03,7.92,8.15,7.92,8.08,7704400
2020-11-04,8.11,8.31,8.11,8.24,12599900
2020-11-05,8.24,8.31,8.05,8.05,8546200
2020-11-06,8.05,8.11,8.02,8.11,3669400
2020-11-09,8.11,8.24,8.11,8.21,5897700
2020-11-10,8.31,8.4,8.18,8.18,8852600
2020-11-11,8.18,8.24,8.15,8.21,4525100
2020-11-12,8.21,8.53,8.21,8.53,18943100
2020-11-13,8.53,8.63,8.5,8.57,6222800
2020-11-16,8.57,8.66,8.47,8.47,8979100
2020-11-17,8.47,8.79,8.47,8.79,16771100
2020-11-18,8.79,8.95,8.7,8.79,7919600
2020-11-19,8.83,8.89,8.73,8.79,6411600
2020-11-20,8.83,8.86,8.66,8.83,9590800
2020-11-23,8.89,8.92,8.73,8.83,10891200
2020-11-24,8.83,8.99,8.76,8.83,10353900
2020-11-25,8.83,8.92,8.76,8.83,6484600
2020-11-26,8.83,8.95,8.73,8.86,10030200
2020-11-27,8.89,8.92,8.79,8.79,5460400
2020-11-30,8.86,8.86,8.73,8.79,8939000
2020-12-01,8.79,8.83,8.66,8.83,9242900
2020-12-09,9.08,9.36,8.99,9.23,24200930
2020-12-10,9.31,9.31,9.02,9.04,9233750
2020-12-11,9.08,9.13,8.99,9.12,4459820
2020-12-14,9.15,9.21,9.08,9.12,7325960
2020-12-15,9.12,9.13,9.02,9.05,7305490
2020-12-16,9.07,9.2,9.05,9.13,10461450
2020-12-17,9.08,9.33,9.07,9.15,13567290
2020-12-18,9.2,9.26,9.15,9.18,11693630
2020-12-21,9.21,9.47,9.16,9.36,22481640
2020-12-22,9.36,9.37,9.25,9.29,7573290
2020-12-23,9.31,9.33,9.05,9.08,11216860
2020-12-24,9.08,9.15,8.57,8.83,15831250
2020-12-25,8.83,9.05,8.79,9.04,9194080
2020-12-28,9.15,9.15,8.94,8.99,6223680
2020-12-29,8.99,9.04,8.92,8.95,6501920
2020-12-30,8.97,9.12,8.97,8.99,6741290
2020-12-31,9.02,9.15,9.0,9.08,6774680
2021-01-04,9.23,9.33,9.21,9.26,10776300
2021-01-05,9.25,9.57,9.15,9.49,18693900
2021-01-06,9.6,9.89,9.47,9.67,15883900
2021-01-07,9.68,9.7,9.57,9.67,11636100
2021-01-08,9.68,9.83,9.63,9.76,15519300
2021-01-11,9.86,9.99,9.75,9.81,9821800
2021-01-12,9.78,9.79,9.68,9.73,9277600
2021-01-13,9.79,9.81,9.6,9.65,9915300
2021-01-14,9.67,9.67,9.44,9.65,8491200
2021-01-15,9.7,9.83,9.68,9.78,8184100
2021-01-18,9.81,9.86,9.67,9.68,8419100
2021-01-19,9.63,9.67,9.02,9.02,13077400
2021-01-20,9.05,9.15,8.5,9.15,12323000
2021-01-21,9.33,9.41,9.16,9.36,6535000
2021-01-22,9.34,9.41,9.21,9.26,5438100
2021-01-25,9.15,9.21,9.07,9.08,7683600
2021-01-26,9.07,9.26,8.89,8.99,8096200
2021-01-27,8.99,9.16,8.79,8.89,6387700
2021-01-28,8.4,8.63,8.28,8.28,15154800
2021-01-29,7.92,8.7,7.92,8.66,7621200
2021-02-01,8.66,8.86,8.5,8.61,7528200
2021-02-02,8.61,8.86,8.52,8.84,6544600
2021-02-03,8.84,9.12,8.79,9.08,7054500
2021-02-04,9.08,9.12,8.99,9.12,4250800
2021-02-05,9.12,9.26,9.1,9.21,5610600
2021-02-08,9.21,9.29,8.79,8.89,5755400
2021-02-09,8.89,9.23,8.83,9.23,5954800
2021-02-17,9.31,9.54,9.28,9.5,6855800
2021-02-18,9.5,9.52,9.31,9.42,5547900
2021-02-19,9.37,10.07,9.34,10.05,31184200
2021-02-22,10.17,10.41,10.05,10.22,12587300
2021-02-23,10.3,10.43,10.17,10.25,13951000
2021-02-24,10.25,10.3,10.02,10.09,18685200
2021-02-25,10.18,10.49,10.05,10.47,15014200
2021-02-26,10.31,10.78,10.31,10.68,13071400
2021-03-01,10.8,10.81,10.64,10.75,8464900
2021-03-02,10.8,10.81,10.6,10.67,9574100
2021-03-03,10.64,10.81,10.57,10.75,9072300
2021-03-04,10.8,10.8,10.36,10.47,9814000
2021-03-05,10.38,10.54,10.22,10.49,10157000
2021-03-08,10.51,10.57,10.2,10.28,16047000
2021-03-09,10.15,10.44,10.05,10.36,8819900
2021-03-10,10.38,10.73,10.31,10.59,12152700
2021-03-11,10.67,10.7,10.59,10.67,7124300
2021-03-12,10.67,10.68,10.55,10.65,5195500
2021-03-15,10.67,10.94,10.54,10.83,18052500
2021-03-16,10.8,10.89,10.68,10.81,6112900
2021-03-17,10.8,10.85,10.73,10.83,6246400
2021-03-18,10.96,11.07,10.83,10.97,10281900
2021-03-19,10.96,11.06,10.89,10.93,7108900
2021-03-22,11.01,11.02,10.78,10.8,8706000
2021-03-23,10.85,10.85,10.6,10.67,10347000
2021-03-24,10.47,10.59,10.36,10.49,9941600
2021-03-25,10.51,10.54,10.31,10.36,8322000
2021-03-26,10.34,10.49,10.13,10.49,7931700
2021-03-29,10.64,10.7,10.47,10.67,6981300
2021-03-30,10.7,10.83,10.59,10.76,8053200
2021-03-31,10.83,10.93,10.75,10.76,4986100
2021-04-01,10.81,10.94,10.76,10.94,10439300
2021-04-02,11.06,11.31,10.99,11.2,13979400
2021-04-05,11.35,11.41,11.18,11.23,7433500
2021-04-06,11.22,11.3,11.04,11.23,7565000
2021-04-07,11.15,11.22,11.09,11.12,6400900
2021-04-08,11.1,11.22,11.06,11.12,4687900
2021-04-09,11.1,11.18,11.06,11.12,5401500
2021-04-12,11.18,11.38,11.14,11.36,12513500
2021-04-13,11.43,11.48,11.12,11.18,8736000
2021-04-14,11.09,11.23,11.04,11.18,5073300
2021-04-15,11.2,11.22,10.93,10.94,9686700
2021-04-16,10.93,11.01,10.57,10.7,8403400
2021-04-19,10.83,10.91,10.6,10.89,4291900
2021-04-20,10.99,11.12,10.73,10.86,7166900
2021-04-22,10.83,10.86,10.51,10.51,7843500
2021-04-23,10.47,10.81,10.38,10.8,6687700
2021-04-26,10.8,10.8,10.54,10.76,7119100
2021-04-27,10.67,10.99,10.55,10.99,6393000
2021-04-28,10.83,11.09,10.8,10.93,5675200
2021-04-29,10.93,11.2,10.86,11.2,16646300
2021-05-04,10.99,11.23,10.83,11.14,9333200
2021-05-05,11.18,11.59,11.18,11.41,17558400
2021-05-06,11.41,11.43,11.2,11.25,7783800
2021-05-07,11.15,11.44,11.15,11.38,12059100
2021-05-10,11.39,11.75,11.38,11.7,13491300
2021-05-11,11.77,11.77,11.57,11.57,9777000
2021-05-12,11.49,11.69,11.44,11.69,8991300
2021-05-13,11.57,11.94,11.54,11.7,11724300
2021-05-14,11.77,11.86,11.65,11.78,6118400
2021-05-17,11.96,12.03,11.78,11.82,9278700
2021-05-18,11.83,11.83,11.61,11.72,7881100
2021-05-19,11.7,11.86,11.61,11.83,8143500
2021-05-20,11.83,12.12,11.83,12.09,12263200
2021-05-21,12.09,12.38,12.06,12.12,9146500
2021-05-24,12.24,12.24,12.04,12.12,7546600
2021-05-25,12.12,12.36,12.06,12.28,8757400
2021-05-26,12.3,12.49,12.3,12.43,9976000
2021-05-27,12.45,12.66,12.25,12.35,9551700
2021-05-28,12.36,12.57,12.3,12.57,9416000
2021-05-31,12.77,13.4,12.61,13.38,16030300
2021-06-01,13.74,13.87,13.58,13.61,11159800
2021-06-02,13.79,14.42,13.74,14.42,16009600
2021-06-03,14.97,14.97,14.42,14.84,12265700
2021-06-04,14.55,14.84,14.55,14.64,9488100
2021-06-07,14.51,14.51,13.66,13.9,18505000
2021-06-08,13.75,14.03,13.0,13.0,14322800
2021-06-09,13.0,13.77,12.93,13.72,12565100
2021-06-10,13.94,14.28,13.78,13.78,14000300
2021-06-11,13.9,14.18,13.66,14.0,9532300
2021-06-14,14.0,14.1,13.68,13.78,10946100
2021-06-15,13.78,14.63,13.54,14.28,18178200
2021-06-16,14.28,14.32,13.94,14.02,8211200
2021-06-17,13.74,14.14,13.62,14.1,6392600
2021-06-18,14.22,14.34,14.1,14.14,9215200
2021-06-21,14.1,14.22,14.0,14.04,5447600
2021-06-22,14.22,14.55,14.08,14.41,14872000
2021-06-23,14.51,14.71,14.43,14.47,10244600
2021-06-24,14.55,14.73,14.39,14.63,11494200
2021-06-25,14.63,14.79,14.57,14.69,7934000
2021-06-28,14.83,14.87,14.67,14.83,7937700
2021-06-29,14.91,14.93,14.73,14.73,6677700
2021-06-30,14.69,14.75,14.39,14.43,9628000
2021-07-01,14.36,14.63,14.18,14.53,10393200
2021-07-02,14.67,14.71,14.55,14.59,6407100
2021-07-05,14.67,15.4,14.51,15.33,16668600
2021-07-06,15.35,15.44,14.55,14.55,10070000
2021-07-07,14.55,14.91,14.18,14.77,10121600
2021-07-08,14.77,15.03,14.55,14.63,7351900
2021-07-09,14.55,14.79,13.74,14.22,11315400
2021-07-12,13.94,14.04,13.23,13.23,18353700
2021-07-13,13.46,13.46,13.05,13.29,6672200
2021-07-14,13.29,13.33,12.57,12.83,10810500
2021-07-15,12.69,13.31,12.67,13.23,5095400
2021-07-16,13.4,13.58,13.25,13.58,5918800
2021-07-19,13.29,13.4,12.91,12.99,10019200
2021-07-20,13.13,13.7,12.93,13.7,8563400
2021-07-21,13.76,13.94,13.64,13.66,8179300
2021-07-22,13.66,13.9,13.42,13.78,7161900
2021-07-23,13.7,13.8,13.33,13.33,7433000
2021-07-26,13.17,13.37,12.95,13.21,7528400
2021-07-27,13.35,13.54,13.33,13.4,5634700
2021-07-28,13.42,13.58,13.35,13.4,4846400
2021-07-29,13.52,13.82,13.46,13.8,7638000
2021-07-30,13.86,14.61,13.86,14.61,35156000
2021-08-02,14.34,14.55,14.28,14.36,8646400
2021-08-03,14.32,14.47,14.14,14.47,8766300
2021-08-04,14.55,14.55,14.26,14.34,8466500
2021-08-05,14.28,14.59,14.26,14.55,13787200
2021-08-06,14.59,14.61,14.32,14.36,8620800
2021-08-09,14.3,14.89,14.2,14.75,19240200
2021-08-10,14.87,14.89,14.63,14.75,10457700
2021-08-11,14.75,14.85,14.55,14.55,16492300
2021-08-12,14.47,14.55,14.26,14.26,12147100
2021-08-13,14.22,14.32,13.86,14.28,15125200
2021-08-16,14.28,14.55,14.06,14.43,12056700
2021-08-17,14.55,14.63,14.3,14.39,8743100
2021-08-18,14.32,14.47,14.26,14.36,7096100
2021-08-19,14.34,14.36,14.12,14.26,9370500
2021-08-20,14.26,14.28,13.35,13.58,20952900
2021-08-23,13.54,13.58,12.93,12.93,15602700
2021-08-24,12.93,13.13,12.81,13.05,9084200
2021-08-25,13.01,13.13,12.89,13.11,4865700
2021-08-26,13.15,13.17,12.85,12.91,4944800
2021-08-27,12.81,12.87,12.45,12.83,8069600
2021-08-30,12.85,13.09,12.77,12.99,8029600
2021-08-31,13.13,13.17,12.93,12.93,5528600
2021-09-01,12.93,13.23,12.91,12.93,8715300
2021-09-06,13.01,13.05,12.91,12.95,7383200
2021-09-07,13.09,13.23,13.01,13.13,7963700
2021-09-08,13.13,13.23,12.97,12.99,4752900
2021-09-09,12.93,13.11,12.91,13.11,3431900
2021-09-10,13.13,13.15,13.03,13.05,4101100
2021-09-13,13.05,13.05,12.89,12.89,5199800
2021-09-14,12.87,12.93,12.73,12.73,4511400
2021-09-15,12.73,12.73,12.59,12.61,4979200
2021-09-16,12.63,12.75,12.61,12.65,3455500
2021-09-17,12.77,12.85,12.67,12.77,4572300
2021-09-20,12.93,13.05,12.87,12.97,6387800
2021-09-21,12.85,12.93,12.71,12.85,3882100
2021-09-22,12.85,12.93,12.77,12.77,2681700
2021-09-23,12.81,12.85,12.73,12.77,4210800
2021-09-24,12.85,12.99,12.77,12.93,6688700
2021-09-27,13.01,13.09,12.73,12.73,4801300
2021-09-28,12.73,12.83,12.69,12.77,2517400
2021-09-29,12.77,12.81,12.59,12.67,3615100
2021-09-30,12.67,12.77,12.65,12.75,4394800
2021-10-01,12.73,12.75,12.57,12.73,6441900
2021-10-04,12.65,12.69,12.36,12.53,5659000
2021-10-05,12.53,12.73,12.53,12.73,2912300
2021-10-06,12.75,12.79,12.57,12.67,3321300
2021-10-07,12.73,12.73,12.61,12.61,2161800
2021-10-08,12.69,12.75,12.63,12.71,3480900
2021-10-11,12.77,13.17,12.77,13.17,6684100
2021-10-12,13.29,13.29,13.09,13.17,3385300
2021-10-13,13.17,13.29,13.13,13.17,3709300
2021-10-14,13.17,13.21,13.01,13.05,4521600
2021-10-15,13.13,13.15,12.97,13.01,2976800
2021-10-18,13.07,13.17,12.93,12.93,4543400
2021-10-19,13.09,13.09,12.89,13.05,3615400
2021-10-20,13.05,13.19,12.85,13.05,3846400
2021-10-21,13.05,13.05,12.83,12.83,4132200
2021-10-22,12.89,12.91,12.71,12.77,3827100
2021-10-25,12.81,12.81,12.57,12.63,5200400
2021-10-26,12.63,12.63,12.45,12.57,5259100
2021-10-27,12.59,12.85,12.59,12.69,5828200
2021-10-28,12.79,12.87,12.73,12.87,4649100
2021-10-29,12.87,13.33,12.83,13.33,13597100
2021-11-01,13.25,13.29,13.09,13.21,5293300
2021-11-02,13.21,13.4,13.15,13.4,7009200
2021-11-03,13.46,13.78,13.44,13.68,13060100
2021-11-04,13.76,13.76,13.52,13.54,4197400
2021-11-05,13.66,13.66,13.46,13.54,3967400
2021-11-08,13.54,13.6,13.42,13.5,5385300
2021-11-09,13.5,13.66,13.48,13.52,5047900
2021-11-10,13.54,13.56,13.4,13.5,4367400
2021-11-11,13.46,13.56,13.13,13.33,7129400
2021-11-12,13.33,13.48,13.19,13.48,4376100
2021-11-15,13.5,13.58,13.44,13.5,4878900
2021-11-16,13.48,13.5,13.25,13.4,5211500
2021-11-17,13.4,13.54,13.25,13.46,4360500
2021-11-18,13.54,13.54,13.13,13.13,5497600
2021-11-19,13.21,13.7,13.15,13.52,9794000
2021-11-22,13.54,14.06,13.33,13.8,9151000
2021-11-23,13.84,13.86,13.62,13.72,3839600
2021-11-24,13.7,14.32,13.64,14.28,14295800
2021-11-25,14.34,14.36,14.12,14.2,7083400
2021-11-26,14.2,14.26,13.98,13.98,6209000
2021-11-29,13.66,13.86,13.66,13.8,6095500
2021-11-30,13.9,13.94,13.42,13.46,6145400
2021-12-01,13.37,13.54,13.35,13.54,3620400
2021-12-02,13.58,13.58,13.42,13.42,2645000
2021-12-03,13.5,13.56,13.15,13.15,4916300
2021-12-06,13.05,13.25,12.79,13.05,6499000
2021-12-07,13.13,13.31,12.97,13.31,2827600
2021-12-08,13.19,13.5,13.15,13.37,2900500
2021-12-09,13.33,13.46,13.25,13.46,2156000
2021-12-10,13.42,13.58,13.37,13.5,4730500
2021-12-13,13.56,13.66,13.46,13.5,3012700
2021-12-14,13.46,13.54,13.37,13.46,2128100
2021-12-15,13.37,13.56,13.35,13.5,2122900
2021-12-16,13.54,13.56,13.33,13.33,2305800
2021-12-17,13.4,13.46,13.35,13.42,2403500
2021-12-20,13.42,13.46,13.27,13.37,3296100
2021-12-21,13.31,13.31,13.25,13.25,2420400
2021-12-22,13.19,13.31,13.19,13.21,3385200
2021-12-23,13.17,13.19,12.93,13.13,4135300
2021-12-24,13.13,13.4,13.01,13.33,4372600
2021-12-27,13.46,13.46,13.29,13.4,2459500
2021-12-28,13.4,13.64,13.35,13.6,3477400
2021-12-29,13.68,13.82,13.62,13.66,3817200
2021-12-30,13.62,13.74,13.54,13.7,1819600
2021-12-31,13.74,13.96,13.74,13.94,5651800
2022-01-04,14.06,14.06,13.84,13.9,4555000
2022-01-05,13.88,13.88,13.6,13.62,5934500
2022-01-06,13.54,13.74,13.37,13.64,5673700
2022-01-07,13.7,13.72,13.46,13.46,3323800
2022-01-10,13.33,13.5,13.31,13.33,5693200
2022-01-11,13.33,13.35,13.21,13.23,6395100
2022-01-12,13.21,13.56,13.15,13.37,7789000
2022-01-13,13.6,13.84,13.4,13.48,6511900
2022-01-14,13.48,13.52,13.33,13.35,1941100
2022-01-17,13.37,13.6,13.23,13.23,7284700
2022-01-18,13.23,13.35,13.05,13.25,4272600
2022-01-19,13.25,13.46,13.25,13.33,2104000
2022-01-20,13.33,13.4,13.21,13.31,3415900
2022-01-21,13.31,13.74,13.29,13.52,4404000
2022-01-24,13.54,14.1,13.54,13.88,13185100
2022-01-25,13.88,14.16,13.88,14.08,4282700
2022-01-26,14.14,14.53,14.14,14.32,8494500
2022-01-27,14.3,14.3,13.96,14.1,6064400
2022-01-28,14.1,14.14,13.9,13.96,10258100
2022-02-07,14.14,14.2,14.0,14.02,4548000
2022-02-08,14.02,14.55,14.02,14.45,32461200
2022-02-09,14.51,14.53,14.34,14.39,10149700
2022-02-10,14.39,14.47,14.28,14.36,7632500
2022-02-11,14.26,14.69,14.24,14.43,9575200
2022-02-14,14.3,14.39,13.74,13.74,13153200
2022-02-15,13.76,13.94,13.74,13.94,6631900
2022-02-16,14.02,14.02,13.74,13.82,5099500
2022-02-17,13.8,13.92,13.78,13.86,3913100
2022-02-18,13.78,13.84,13.62,13.68,7318400
2022-02-21,13.7,13.9,13.56,13.9,7285100
2022-02-22,13.74,14.02,13.58,14.02,8094700
2022-02-23,14.06,14.18,13.98,13.98,5857600
2022-02-24,13.88,13.98,13.52,13.92,8892700
2022-02-25,13.94,14.04,13.86,13.88,5508400
2022-02-28,13.86,13.88,13.7,13.7,3857100
2022-03-01,13.74,13.74,13.56,13.68,5610900
2022-03-02,13.62,13.74,13.29,13.29,13881600
2022-03-03,13.33,13.52,13.29,13.52,8167100
2022-03-04,13.5,13.86,13.33,13.86,6925100
2022-03-07,13.54,13.66,13.4,13.44,4694500
2022-03-08,13.33,13.42,13.15,13.17,7221800
2022-03-09,13.23,13.31,13.09,13.21,4172000
2022-03-10,13.33,13.5,13.29,13.29,2199800
2022-03-11,13.25,13.31,13.17,13.21,2714900
2022-03-14,13.13,13.25,13.11,13.21,2724900
2022-03-15,13.25,13.4,13.21,13.25,2750200
2022-03-16,13.29,13.35,13.19,13.25,3294200
2022-03-17,13.4,13.42,13.25,13.25,2620300
2022-03-18,13.33,13.37,13.25,13.25,2597000
2022-03-21,13.29,13.33,13.21,13.31,3302500
2022-03-22,13.33,13.5,13.33,13.46,3324000
2022-03-23,13.42,13.5,13.4,13.42,2060000
2022-03-24,13.35,13.42,13.27,13.29,2873100
2022-03-25,13.29,13.4,13.21,13.21,3338200
2022-03-28,13.21,13.25,13.05,13.07,4875800
2022-03-29,13.11,13.19,13.05,13.07,3664900
2022-03-30,13.09,13.29,13.05,13.17,4154500
2022-03-31,13.21,13.42,13.17,13.35,5523400
2022-04-01,13.35,13.5,13.33,13.5,5865500
2022-04-04,13.58,13.62,13.5,13.54,4794400
2022-04-05,13.5,13.5,13.31,13.33,4508400
2022-04-06,13.27,13.46,13.23,13.42,4156600
2022-04-07,13.5,13.8,13.44,13.58,9648900
2022-04-08,13.62,13.74,13.6,13.68,8904400
2022-04-12,13.68,13.68,13.48,13.52,4923200
2022-04-13,13.54,13.68,13.46,13.6,5053900
2022-04-14,13.6,13.8,13.58,13.66,4900700
2022-04-15,13.66,13.74,13.52,13.56,5388100
2022-04-18,13.54,13.58,13.25,13.25,5946400
2022-04-19,13.17,13.25,12.77,12.79,5244400
2022-04-20,12.81,13.01,12.79,12.89,4490500
2022-04-21,12.93,13.13,12.73,12.73,5899800
2022-04-22,12.81,13.17,12.81,13.05,5188800
2022-04-25,13.05,13.11,12.32,12.32,8242600
2022-04-26,12.32,12.63,12.12,12.49,6106000
2022-04-27,12.41,12.61,12.24,12.49,2831800
2022-04-28,12.36,12.61,12.36,12.53,1503700
2022-04-29,12.53,13.21,12.43,13.21,4640900
2022-05-04,13.03,13.13,12.83,12.83,2060200
2022-05-05,13.05,13.05,12.65,12.81,3209000
2022-05-06,12.61,12.85,12.47,12.53,1920300
2022-05-09,12.53,12.53,12.0,12.36,5176200
2022-05-10,12.24,12.53,12.08,12.45,3850100
2022-05-11,12.45,12.77,12.36,12.77,2319300
2022-05-12,12.41,12.63,11.92,11.92,3128000
2022-05-13,12.08,12.24,11.11,11.11,6142600
2022-05-16,11.17,11.6,11.11,11.15,5137600
2022-05-17,11.15,11.86,11.11,11.82,2617900
2022-05-18,12.0,12.02,11.64,11.7,3521100
2022-05-19,11.48,11.72,11.35,11.56,1856400
2022-05-20,11.56,11.84,11.56,11.74,1936000
2022-05-23,11.76,11.84,11.44,11.5,1187500
2022-05-24,11.64,11.64,11.37,11.64,1574100
2022-05-25,11.64,12.12,11.64,12.12,3815600
2022-05-26,12.28,12.32,12.12,12.26,2690700
2022-05-27,12.45,12.85,12.36,12.85,4910800
2022-05-30,12.93,12.93,12.73,12.91,2244200
2022-05-31,12.81,12.85,12.73,12.75,2348500
2022-06-01,12.85,12.85,12.57,12.57,3523400
2022-06-02,12.93,13.11,12.8,12.8,3745600
2022-06-03,12.88,12.93,12.58,12.78,1409500
2022-06-06,12.78,12.91,12.73,12.78,1698800
2022-06-07,12.78,12.78,12.27,12.6,2255000
2022-06-08,12.58,12.98,12.45,12.98,4494800
2022-06-09,13.03,13.08,12.65,13.01,3388400
2022-06-10,12.73,13.03,12.7,12.73,2278300
2022-06-13,12.63,12.63,12.02,12.07,3830300
2022-06-14,12.07,12.35,11.87,12.17,2049600
2022-06-15,12.35,12.37,11.67,11.92,3633100
2022-06-16,11.92,12.17,11.92,12.17,1925600
2022-06-17,11.87,12.05,11.54,11.67,3160900
2022-06-20,11.67,11.87,11.52,11.57,3956000
2022-06-21,11.36,11.72,11.36,11.62,2676500
2022-06-22,11.72,12.07,11.72,12.0,2532000
2022-06-23,11.82,12.05,11.64,12.0,2140900
2022-06-24,11.97,12.12,11.87,12.02,1588100
2022-06-27,12.02,12.2,11.95,12.1,2447600
2022-06-28,12.02,12.53,11.97,12.37,2995800
2022-06-29,12.22,12.37,12.12,12.22,1960600
2022-06-30,12.37,12.37,12.1,12.12,2088400
2022-07-01,12.05,12.15,11.87,12.15,1851900
2022-07-04,12.32,12.37,12.12,12.25,1823900
2022-07-05,12.35,12.43,12.25,12.35,2991000
2022-07-06,12.32,12.37,11.92,12.22,2017800
2022-07-07,12.27,12.37,12.17,12.2,2496700
2022-07-08,12.22,12.32,12.12,12.12,2016000
2022-07-11,12.05,12.12,11.87,11.87,1634700
2022-07-12,11.92,12.12,11.87,12.12,728100
2022-07-13,12.12,12.32,12.02,12.12,2126200
2022-07-14,12.02,12.2,12.02,12.15,1429400
2022-07-15,12.25,12.35,12.12,12.12,2642300
2022-07-18,12.17,12.22,12.07,12.07,2425000
2022-07-19,12.07,12.1,12.02,12.07,1507000
2022-07-20,12.17,12.3,12.07,12.27,3039300
2022-07-21,12.27,12.58,12.22,12.45,4313000
2022-07-22,12.45,12.53,12.3,12.3,2039400
2022-07-25,12.22,12.32,12.07,12.15,1850700
2022-07-26,12.12,12.25,12.12,12.15,1484900
2022-07-27,12.12,12.22,12.1,12.22,890000
2022-07-28,12.48,12.48,12.32,12.35,3347500
2022-07-29,12.4,12.48,12.35,12.43,3817300
2022-08-01,12.45,12.63,12.37,12.63,4455500
2022-08-02,12.63,12.65,12.48,12.58,3391300
2022-08-03,12.63,12.65,12.48,12.6,6081900
2022-08-04,12.63,12.75,12.58,12.63,4390100
2022-08-05,12.63,12.63,12.37,12.55,3272800
2022-08-08,12.53,12.63,12.45,12.5,3202100
2022-08-09,12.58,12.63,12.48,12.6,3553300
2022-08-10,12.6,12.65,12.5,12.55,1987700
2022-08-11,12.63,12.68,12.48,12.5,3442200
2022-08-12,12.48,12.55,12.43,12.53,1460000
2022-08-15,12.58,12.7,12.53,12.6,3154600
2022-08-16,12.58,12.6,12.45,12.55,3234500
2022-08-17,12.6,12.63,12.55,12.6,3350600
2022-08-18,12.6,12.75,12.53,12.7,5981500
2022-08-19,12.7,12.7,12.53,12.55,1909000
2022-08-22,12.53,12.53,12.43,12.45,2239300
2022-08-23,12.3,12.53,12.22,12.53,2385000
2022-08-24,12.48,12.58,12.45,12.55,2704900
2022-08-25,12.55,12.63,12.5,12.63,3631800
2022-08-26,12.68,12.78,12.5,12.53,3878700
2022-08-29,12.35,12.48,12.27,12.4,3218300
2022-08-30,12.43,12.55,12.4,12.4,2016400
2022-08-31,12.4,12.5,12.4,12.45,1967000
2022-09-05,12.4,12.5,12.35,12.37,2307700
2022-09-06,12.37,12.48,12.35,12.45,2405200
2022-09-07,12.37,12.43,12.27,12.27,3214400
2022-09-08,12.32,12.35,12.12,12.12,2080700
2022-09-09,12.22,12.22,12.0,12.12,2227900
2022-09-12,12.12,12.22,12.0,12.0,1416163
2022-09-13,12.07,12.12,11.92,12.02,1486664
2022-09-14,11.87,11.92,11.79,11.87,2113996
2022-09-15,11.92,11.92,11.84,11.9,1595118
2022-09-16,11.87,11.92,11.67,11.69,2125534
2022-09-19,11.69,11.72,11.47,11.54,2564500
2022-09-20,11.57,11.59,11.42,11.57,1912949
2022-09-21,11.54,11.54,11.42,11.42,1295851
2022-09-22,11.36,11.52,11.36,11.52,1831367
2022-09-23,11.44,11.59,11.42,11.42,1469851
2022-09-26,11.31,11.36,11.01,11.21,4550765
2022-09-27,11.21,11.34,11.16,11.31,1472619
2022-09-28,11.14,11.24,11.09,11.11,2515887
2022-09-29,11.19,11.19,11.06,11.11,3857767
2022-09-30,11.11,11.34,11.04,11.21,4224536
2022-10-03,11.14,11.26,10.76,10.91,3661299
2022-10-04,10.96,11.09,10.61,10.61,3474571
2022-10-05,10.66,10.83,10.51,10.51,3258561
2022-10-06,10.53,10.71,10.1,10.1,2851382
2022-10-07,9.87,10.05,9.39,9.42,8488826
2022-10-10,9.19,9.65,9.19,9.45,6476351
2022-10-11,9.45,9.45,8.81,8.84,6437148
2022-10-12,9.04,9.45,8.99,9.45,3369758
2022-10-13,9.45,10.08,9.34,10.08,3904225
2022-10-14,10.35,10.56,10.2,10.53,3141938
2022-10-17,10.25,10.61,10.23,10.58,3758133
2022-10-18,10.76,10.86,10.66,10.81,2769943
2022-10-19,10.91,10.91,10.61,10.66,1447729
2022-10-20,10.66,10.86,10.46,10.78,4025173
2022-10-21,10.78,10.78,10.23,10.3,3387430
2022-10-24,10.33,10.35,9.7,9.85,2800249
2022-10-25,9.95,10.53,9.67,10.3,4929285
2022-10-26,10.4,10.56,10.2,10.43,2170486
2022-10-27,10.46,11.14,10.35,11.14,4850442
2022-10-28,11.31,11.39,11.14,11.26,3555046
2022-10-31,11.29,11.36,10.94,11.31,3749851
2022-11-01,11.36,11.62,11.29,11.34,3357810
2022-11-02,11.31,11.34,11.01,11.01,3540680
2022-11-03,10.86,11.11,10.78,10.78,3281353
2022-11-04,10.78,10.81,10.08,10.18,12618670
2022-11-07,10.56,10.61,10.2,10.43,4911998
2022-11-08,10.4,10.99,10.18,10.76,4069171
2022-11-09,10.81,10.96,10.46,10.48,3280774
2022-11-10,10.43,10.56,9.85,10.1,5466448
2022-11-11,10.46,10.71,10.33,10.51,4327549
2022-11-14,10.35,10.46,10.08,10.25,5259075
2022-11-15,10.23,10.33,9.65,9.65,6566069
2022-11-16,9.55,10.3,9.04,10.3,7401581
2022-11-17,10.51,10.78,10.51,10.63,4307090
2022-11-18,10.51,10.83,10.4,10.68,3539064
2022-11-21,10.71,10.71,10.4,10.4,2280525
2022-11-22,10.3,10.78,10.28,10.28,4429308
2022-11-23,10.3,10.58,10.28,10.43,2553956
2022-11-24,10.4,10.71,10.3,10.61,2308018
2022-11-25,10.86,10.86,10.63,10.86,2832003
2022-11-28,10.91,11.24,10.88,11.24,5245203
2022-11-29,11.24,11.24,10.96,11.19,3945669
2022-11-30,11.24,11.34,11.01,11.16,4121813
2022-12-01,11.26,11.54,11.11,11.36,6816917
2022-12-02,11.36,11.87,11.19,11.87,4796603
2022-12-05,11.9,12.12,11.72,11.92,4719103
2022-12-06,11.92,12.0,11.26,11.26,5161772
2022-12-07,11.36,11.36,10.99,11.26,3297157
2022-12-08,11.34,12.02,11.16,11.44,4799496
2022-12-09,11.49,11.72,11.34,11.64,3322163
2022-12-12,11.64,11.77,11.36,11.36,3184172
2022-12-13,11.31,11.64,11.24,11.64,2695070
2022-12-14,11.67,11.84,11.49,11.69,3294738
2022-12-15,11.62,11.87,11.62,11.72,4116001
2022-12-16,11.62,11.82,11.54,11.62,2221946
2022-12-19,11.57,11.74,11.49,11.49,3384971
2022-12-20,11.49,11.57,11.21,11.39,2569365
2022-12-21,11.42,11.62,11.26,11.52,1888423
2022-12-22,11.62,11.62,11.49,11.57,1959813
2022-12-23,11.57,11.57,11.26,11.57,1736555
2022-12-26,11.57,11.57,11.16,11.16,1779728
2022-12-27,11.16,11.42,11.11,11.16,2041994
2022-12-28,11.16,11.34,11.09,11.11,1827577
2022-12-29,11.11,11.31,11.01,11.11,1810363
2022-12-30,11.11,11.21,11.01,11.06,1340931
2023-01-03,11.11,11.47,11.09,11.47,1550148
2023-01-04,11.54,11.54,11.39,11.44,1643309
2023-01-05,11.49,11.62,11.44,11.54,2107285
2023-01-06,11.52,11.79,11.42,11.69,3407310
2023-01-09,11.79,11.79,11.59,11.67,1748795
2023-01-10,11.74,11.84,11.59,11.84,3062873
2023-01-11,11.92,12.35,11.84,12.22,5342324
2023-01-12,12.22,12.45,12.22,12.37,2883106
2023-01-13,12.43,12.53,12.2,12.2,2156614
2023-01-16,12.2,12.63,12.2,12.63,3541375
2023-01-17,12.65,12.85,12.6,12.78,3988618
2023-01-18,12.78,12.98,12.68,12.88,5439101
2023-01-19,12.88,13.13,12.85,13.13,5525817
2023-01-27,13.31,13.39,13.08,13.31,3758988
2023-01-30,13.28,13.31,12.83,12.83,5403319
2023-01-31,12.83,13.16,12.63,13.16,3485014
2023-02-01,13.18,13.26,12.68,12.73,3485902
2023-02-02,12.7,12.93,12.53,12.63,2886290
2023-02-03,12.63,12.75,12.32,12.37,9534382
2023-02-06,12.32,12.7,12.2,12.58,2397652
2023-02-07,12.63,12.68,12.32,12.43,2471469
2023-02-08,12.53,12.65,12.4,12.45,1924125
2023-02-09,12.45,12.68,12.37,12.37,3227424
2023-02-10,12.43,12.5,12.22,12.22,2009129
2023-02-13,12.2,12.2,12.02,12.07,2593039
2023-02-14,12.17,12.17,12.02,12.05,1439656
2023-02-15,12.07,12.45,12.0,12.4,3332041
2023-02-16,12.53,12.53,12.32,12.53,1625191
2023-02-17,12.55,12.6,12.4,12.53,1717468
2023-02-20,12.48,13.03,12.45,13.03,4907140
2023-02-21,13.03,13.13,12.88,12.88,1720729
2023-02-22,12.73,12.91,12.55,12.55,2654851
2023-02-23,12.5,12.88,12.25,12.83,3862411
2023-02-24,12.63,12.78,12.4,12.43,2228733
2023-02-27,12.37,12.43,12.17,12.25,3109431
2023-02-28,12.37,12.5,12.25,12.32,6149990
2023-03-01,12.32,12.73,12.22,12.7,2538293
2023-03-02,12.63,12.85,12.63,12.65,3339027
2023-03-03,12.65,12.78,12.37,12.37,2397060
2023-03-06,12.55,12.68,12.27,12.27,5225765
2023-03-07,12.5,12.63,12.27,12.37,4642941
2023-03-08,12.25,12.63,12.25,12.63,2786167
2023-03-09,12.63,12.85,12.58,12.8,3739916
2023-03-10,12.65,12.73,12.5,12.58,2423166
2023-03-13,12.5,12.6,12.3,12.37,4018921
2023-03-14,12.4,12.48,12.1,12.15,6767237
2023-03-15,12.43,12.53,12.35,12.53,1961634
2023-03-16,12.37,12.5,12.2,12.32,2499671
2023-03-17,12.4,12.45,12.3,12.3,1249647
2023-03-20,12.22,12.3,12.12,12.12,2457593
2023-03-21,12.32,12.32,12.05,12.22,1489101
2023-03-22,12.3,12.3,12.15,12.2,1862058
2023-03-23,12.17,12.43,12.1,12.37,7080550
2023-03-24,12.43,12.55,12.37,12.4,1683172
2023-03-27,12.43,12.5,12.3,12.35,2460164
2023-03-28,12.45,12.53,12.35,12.35,8288106
2023-03-29,12.37,12.43,12.3,12.32,15181219
2023-03-30,12.43,12.48,12.4,12.43,2122444
2023-03-31,12.48,12.75,12.45,12.63,5883708
2023-04-03,12.75,12.83,12.63,12.75,9968747
2023-04-04,12.75,12.8,12.65,12.7,7190534
2023-04-05,12.68,12.78,12.65,12.78,3320551
2023-04-06,12.83,12.85,12.58,12.58,4333371
2023-04-07,12.6,12.68,12.58,12.65,3144826
2023-04-10,12.68,12.7,12.55,12.63,3638803
2023-04-11,12.58,12.65,12.48,12.6,1598533
2023-04-12,12.63,12.65,12.53,12.55,3221563
2023-04-13,12.6,12.65,12.55,12.6,2520241
2023-04-14,12.65,12.68,12.55,12.6,5022906
2023-04-17,12.6,12.63,12.53,12.63,1649827
2023-04-18,12.63,12.63,12.5,12.5,2104707
2023-04-19,12.53,12.53,12.32,12.32,4596866
2023-04-20,12.37,12.4,12.22,12.25,2471896
2023-04-21,12.27,12.32,12.25,12.25,2473711
2023-04-24,12.27,12.35,12.17,12.22,2274897
2023-04-25,12.27,12.35,12.17,12.2,6174679
2023-04-26,12.2,12.22,12.1,12.2,3857901
2023-04-27,12.22,12.35,12.17,12.2,2182535
2023-04-28,12.22,12.32,12.2,12.22,9771508
2023-05-04,12.27,12.5,12.27,12.48,4305729
2023-05-05,12.37,12.5,12.37,12.45,2625328
2023-05-08,12.45,12.63,12.43,12.6,2305309
2023-05-09,12.63,12.65,12.53,12.58,3108187
2023-05-10,12.58,12.6,12.53,12.58,1961379
2023-05-11,12.63,12.68,12.53,12.58,2556201
2023-05-12,12.63,12.65,12.53,12.63,2348036
2023-05-15,12.73,12.78,12.6,12.63,6385662
2023-05-16,12.63,12.65,12.58,12.63,1463588
2023-05-17,12.63,12.7,12.55,12.58,3449491
2023-05-18,12.58,12.68,12.55,12.63,3353042
2023-05-19,12.65,12.65,12.5,12.6,4008117
2023-05-22,12.63,12.65,12.58,12.65,4585906
2023-05-23,12.73,12.93,12.63,12.8,21726379
2023-05-24,12.88,12.88,12.6,12.7,11051426
2023-05-25,12.73,12.73,12.58,12.68,8792333
2023-05-26,12.73,12.73,12.6,12.63,8563241
2023-05-29,12.68,12.78,12.63,12.7,16577082
2023-05-30,12.78,12.78,12.63,12.73,22599203
2023-05-31,12.73,12.83,12.63,12.83,29156480
2023-06-01,13.0,13.15,12.85,12.94,12769486
2023-06-02,13.0,13.36,12.97,13.18,15034657
2023-06-05,13.3,13.39,13.09,13.15,13849317
2023-06-06,13.18,13.21,13.12,13.18,9945382
2023-06-07,13.18,13.3,13.18,13.21,9182063
2023-06-08,13.18,13.24,13.06,13.06,9682980
2023-06-09,13.09,13.09,12.88,13.03,7469378
2023-06-12,13.09,13.09,12.91,12.97,4291860
2023-06-13,13.0,13.06,12.94,13.06,7973577
2023-06-14,13.09,13.24,13.06,13.09,8033115
2023-06-15,13.09,13.12,13.03,13.12,5407844
2023-06-16,13.12,13.36,13.06,13.18,14414202
2023-06-19,13.18,13.21,13.06,13.09,4660937
2023-06-20,13.09,13.12,13.0,13.09,5639608
2023-06-21,13.06,13.12,13.03,13.12,5484088
2023-06-22,13.15,13.24,13.09,13.09,7976555
2023-06-23,13.12,13.24,13.06,13.24,11435894
2023-06-26,13.42,13.61,13.3,13.45,11788268
2023-06-27,13.64,13.64,13.42,13.42,5623455
2023-06-28,13.42,13.55,13.36,13.48,8233359
2023-06-29,13.48,13.55,13.24,13.24,8154546
2023-06-30,13.24,13.33,13.18,13.33,5120663
2023-07-03,13.33,13.36,13.27,13.33,4031764
2023-07-04,13.27,13.33,13.24,13.3,4348820
2023-07-05,13.3,13.36,13.27,13.27,8126958
2023-07-06,13.27,13.3,13.09,13.12,6426967
2023-07-07,13.12,13.15,13.0,13.12,7145078
2023-07-10,13.15,13.36,13.12,13.27,9036932
2023-07-11,13.48,13.48,13.27,13.3,8851484
2023-07-12,13.42,13.42,13.18,13.21,5187652
2023-07-13,13.3,13.3,13.18,13.3,6743968
2023-07-14,13.33,13.36,13.18,13.3,6901344
2023-07-17,13.33,13.33,13.24,13.3,6536400
2023-07-18,13.24,13.3,13.21,13.3,6804309
2023-07-19,13.3,13.39,13.27,13.3,9572664
2023-07-20,13.3,13.33,13.24,13.3,6295568
2023-07-21,13.3,13.36,13.24,13.36,6693129
2023-07-24,13.36,13.42,13.27,13.33,6773899
2023-07-25,13.3,13.61,13.3,13.48,13720647
2023-07-26,13.48,13.58,13.42,13.48,5979075
2023-07-27,13.48,13.51,13.33,13.39,7216455
2023-07-28,13.42,13.55,13.33,13.42,8620038
2023-07-31,13.61,13.88,13.58,13.88,19225216
2023-08-01,14.06,14.06,13.76,13.82,13724041
2023-08-02,13.79,14.0,13.79,13.97,12414957
2023-08-03,13.94,14.21,13.91,14.18,17019126
2023-08-04,14.27,14.75,14.06,14.75,18679690
2023-08-07,14.48,14.54,14.27,14.36,28102625
2023-08-08,14.39,14.45,14.09,14.15,15277376
2023-08-09,14.15,14.27,14.0,14.03,15564910
2023-08-10,14.06,14.12,13.85,13.85,12699456
2023-08-11,13.88,13.91,13.67,13.85,9164105
2023-08-14,13.85,13.94,13.79,13.94,10446424
2023-08-15,14.0,14.06,13.82,13.82,6464684
2023-08-16,13.82,13.94,13.79,13.85,8402525
2023-08-17,13.88,13.91,13.73,13.73,10125955
2023-08-18,13.73,13.73,13.24,13.24,20459276
2023-08-21,13.21,13.42,13.21,13.3,7981455
2023-08-22,13.36,13.39,13.06,13.33,9072597
2023-08-23,13.42,13.48,13.21,13.21,5548662
2023-08-24,13.21,13.45,13.21,13.33,5315411
2023-08-25,13.3,13.33,13.21,13.27,5381608
2023-08-28,13.3,13.36,13.27,13.33,5160556
2023-08-29,13.33,13.42,13.27,13.33,5778718
2023-08-30,13.33,13.61,13.33,13.58,7229547
2023-08-31,13.58,13.67,13.58,13.67,7212305
2023-09-05,13.73,13.94,13.7,13.76,7634395
2023-09-06,13.76,13.88,13.67,13.88,4783873
2023-09-07,13.91,14.0,13.76,13.85,9860968
2023-09-08,13.85,13.88,13.73,13.76,5530112
2023-09-11,13.79,13.85,13.45,13.51,10542303
2023-09-12,13.51,13.76,13.42,13.76,6685987
2023-09-13,13.76,13.79,13.58,13.64,6942929
2023-09-14,13.61,13.79,13.55,13.58,6195761
2023-09-15,13.67,13.76,13.58,13.7,5253147
2023-09-18,13.67,13.7,13.48,13.58,4366920
2023-09-19,13.58,13.67,13.45,13.48,8083377
2023-09-20,13.48,13.64,13.45,13.58,5299737
2023-09-21,13.55,13.64,13.51,13.55,5430115
2023-09-22,13.42,13.61,13.36,13.48,9796600
2023-09-25,13.48,13.51,13.3,13.3,7626780
2023-09-26,13.33,13.45,13.21,13.24,9407620
2023-09-27,13.24,13.3,13.15,13.3,5688210
2023-09-28,13.21,13.3,13.12,13.15,4993734
2023-09-29,13.18,13.33,13.18,13.21,2341209
2023-10-02,13.18,13.27,13.12,13.24,3811689
2023-10-03,13.18,13.24,13.06,13.06,5510811
2023-10-04,13.03,13.12,13.0,13.06,3180528
2023-10-05,13.15,13.27,13.06,13.06,3353149
2023-10-06,13.06,13.24,13.03,13.18,2443603
2023-10-09,13.12,13.64,13.12,13.61,8982117
2023-10-10,13.61,13.82,13.61,13.79,6539860
2023-10-11,13.79,13.79,13.64,13.73,2847661
2023-10-12,13.73,13.85,13.61,13.73,5637015
2023-10-13,13.67,13.73,13.61,13.7,4694272
2023-10-16,13.64,13.73,13.55,13.67,4222196
2023-10-17,13.67,13.7,13.58,13.58,3659834
2023-10-18,13.58,13.58,13.33,13.33,6211436
2023-10-19,13.33,13.39,13.18,13.18,6211641
2023-10-20,13.18,13.36,13.18,13.24,3672592
2023-10-23,13.36,13.36,13.12,13.18,2400212
2023-10-24,13.27,13.36,13.18,13.24,2553217
2023-10-25,13.42,13.45,13.24,13.24,2489008
2023-10-26,13.15,13.15,12.67,12.76,12596859
2023-10-27,12.97,13.12,12.82,13.03,3182928
2023-10-30,13.06,13.09,12.88,12.88,3858926
2023-10-31,12.91,13.03,12.85,12.94,3491977
2023-11-01,12.94,13.09,12.91,13.06,4835157
2023-11-02,13.15,13.48,13.06,13.48,5152098
2023-11-03,13.48,13.55,13.33,13.33,4888965
2023-11-06,13.42,13.51,13.36,13.42,3792021
2023-11-07,13.36,13.45,13.36,13.36,2328126
2023-11-08,13.36,13.85,13.33,13.79,7915923
2023-11-09,13.85,13.85,13.64,13.64,4768580
2023-11-10,13.55,13.67,13.45,13.55,5051311
2023-11-13,13.58,13.67,13.42,13.58,3418479
2023-11-14,13.58,13.85,13.58,13.73,10306368
2023-11-15,13.91,14.21,13.88,14.06,32344213
2023-11-16,14.06,14.15,13.97,14.09,8085873
2023-11-17,14.15,14.15,13.64,13.73,12355370
2023-11-20,13.55,13.88,13.39,13.61,10211612
2023-11-21,13.7,13.79,13.61,13.67,3715213
2023-11-22,13.61,13.76,13.51,13.73,4395703
2023-11-23,13.73,13.76,13.42,13.42,5185123
2023-11-24,13.48,13.48,13.18,13.33,7901317
2023-11-27,13.33,13.36,13.21,13.21,3262375
2023-11-28,13.24,13.36,13.12,13.24,4189072
2023-11-29,13.3,13.51,13.3,13.33,4831388
2023-11-30,13.33,13.48,13.27,13.27,5245608
2023-12-01,13.39,13.39,13.15,13.27,5736667
2023-12-04,13.33,13.58,13.3,13.48,9044705
2023-12-05,13.48,13.58,13.33,13.39,3560224
2023-12-06,13.39,13.48,13.3,13.48,2794830
2023-12-07,13.48,13.61,13.42,13.55,7241320
2023-12-08,13.55,13.64,13.48,13.55,3815334
2023-12-11,13.58,13.61,13.45,13.55,2277359
2023-12-12,13.58,13.61,13.48,13.61,3230408
2023-12-13,13.61,13.64,13.48,13.48,3933379
2023-12-14,13.55,13.76,13.48,13.61,6949441
2023-12-15,13.67,13.82,13.64,13.76,6195129
2023-12-18,13.73,13.79,13.7,13.79,6390775
2023-12-19,13.79,13.97,13.79,13.94,11476459
2023-12-20,13.94,14.06,13.94,14.03,8865596
2023-12-21,14.03,14.06,13.94,14.06,7087055
2023-12-22,14.03,14.09,14.03,14.03,4512456
2023-12-25,14.06,14.18,14.03,14.12,7586810
2023-12-26,14.15,14.15,14.06,14.06,5731233
2023-12-27,14.03,14.15,14.03,14.09,4869398
2023-12-28,14.09,14.48,14.09,14.36,10526964
2023-12-29,14.45,14.57,14.39,14.45,9202991
2024-01-02,14.48,14.97,14.48,14.78,13896933
2024-01-03,14.81,15.12,14.66,15.12,9817807
2024-01-04,15.24,15.51,15.18,15.3,23605373
2024-01-05,15.3,15.39,15.15,15.39,9282598
2024-01-08,15.54,15.57,15.24,15.33,12398885
2024-01-09,15.27,15.33,15.09,15.12,15455964
2024-01-10,15.24,15.42,15.12,15.27,17610661
2024-01-11,15.36,15.57,15.21,15.27,9941849
2024-01-12,15.21,15.84,15.15,15.6,25574880
2024-01-15,15.72,15.72,15.3,15.3,11725544
2024-01-16,15.36,15.45,15.15,15.36,12385822
2024-01-17,15.39,15.6,15.33,15.36,9720759
2024-01-18,15.39,15.57,15.33,15.48,9616784
2024-01-19,15.6,15.69,15.51,15.69,12778025
2024-01-22,15.84,15.9,15.6,15.9,12010820
2024-01-23,15.87,15.99,15.75,15.75,11738886
2024-01-24,15.75,15.78,15.54,15.6,11347376
2024-01-25,15.63,15.66,15.48,15.6,5090360
2024-01-26,15.63,15.96,15.63,15.9,6861782
2024-01-29,16.02,16.02,15.69,15.69,9281301
2024-01-30,15.75,15.84,15.66,15.69,6383741
2024-01-31,15.78,15.78,15.45,15.57,12162755
2024-02-01,15.54,15.78,15.54,15.72,6284328
2024-02-02,15.69,15.9,15.63,15.87,14534871
2024-02-05,15.87,16.93,15.81,16.81,28138723
2024-02-06,16.84,16.87,16.72,16.84,5454327
2024-02-07,16.84,17.05,16.84,16.93,11903453
2024-02-15,16.96,17.17,16.45,16.45,14255094
2024-02-16,16.63,16.69,16.51,16.69,9502568
2024-02-19,16.75,16.75,16.45,16.75,11864502
2024-02-20,16.63,16.78,16.54,16.66,7321603
2024-02-21,16.63,16.87,16.57,16.75,10257725
2024-02-22,16.75,16.78,16.63,16.72,7407861
2024-02-23,16.75,17.17,16.51,16.51,25987605
2024-02-26,16.51,16.75,16.39,16.63,9791428
2024-02-27,16.75,16.75,16.54,16.69,12061563
2024-02-28,16.72,16.93,16.66,16.93,10465608
2024-02-29,16.99,17.08,16.75,16.93,9960379
2024-03-01,16.93,16.93,16.66,16.81,10201609
2024-03-04,16.81,17.05,16.57,16.81,13224034
2024-03-05,16.81,16.93,16.66,16.9,6339771
2024-03-06,16.93,17.02,16.66,16.69,9799350
2024-03-07,16.69,16.75,16.57,16.63,10171157
2024-03-08,16.63,16.72,16.33,16.36,23024715
2024-03-11,16.36,16.39,16.11,16.18,12023089
2024-03-12,16.11,16.24,16.08,16.18,8318885
2024-03-13,16.18,16.72,16.18,16.72,8940425
2024-03-14,16.69,16.69,16.36,16.48,8232737
2024-03-15,16.48,16.57,16.33,16.54,7828640
2024-03-18,16.45,16.54,16.15,16.27,14127772
2024-03-19,16.21,16.36,16.18,16.24,7125247
2024-03-20,16.24,16.75,16.21,16.63,14010312
2024-03-21,16.75,16.93,16.66,16.93,12824070
2024-03-22,17.08,17.51,16.87,17.02,22688584
2024-03-25,16.96,16.96,16.63,16.63,10196791
2024-03-26,16.69,16.9,16.54,16.9,6287467
2024-03-27,16.9,16.96,16.69,16.93,5962845
2024-03-28,17.11,17.29,17.05,17.14,12429800
2024-03-29,17.17,17.32,17.02,17.23,13496333
2024-04-01,17.05,17.23,16.99,17.2,6180472
2024-04-02,17.11,17.17,16.87,17.17,10414778
2024-04-03,17.05,17.17,16.87,16.93,10205483
2024-04-04,16.96,16.96,16.66,16.66,11161719
2024-04-05,16.51,16.57,16.39,16.42,12293515
2024-04-08,16.42,16.48,16.3,16.42,6874403
2024-04-09,16.42,16.51,16.36,16.51,5374934
2024-04-10,16.6,16.69,16.39,16.39,5127160
2024-04-11,16.33,16.42,16.27,16.42,11290085
2024-04-12,16.45,16.93,16.33,16.93,9772642
2024-04-15,16.81,16.93,16.24,16.24,16263243
2024-04-16,16.24,16.42,16.18,16.42,17356891
2024-04-17,16.45,16.48,16.18,16.18,10485319
2024-04-19,16.08,16.21,15.99,16.08,10866833
2024-04-22,16.27,16.3,16.15,16.21,6317643
2024-04-23,16.21,16.3,16.05,16.11,8544832
2024-04-24,16.21,16.39,16.15,16.36,6684776
2024-04-25,16.33,16.36,16.18,16.21,5144590
2024-04-26,16.21,16.33,16.08,16.24,5446804
2024-05-02,16.24,16.42,16.21,16.33,4801959
2024-05-03,16.39,16.63,16.39,16.63,8722742
2024-05-06,16.63,16.75,16.54,16.69,7449978
2024-05-07,16.78,16.81,16.63,16.72,4305048
2024-05-08,16.63,16.72,16.51,16.66,4040821
2024-05-09,16.69,16.81,16.63,16.69,4105414
2024-05-10,16.69,16.75,16.6,16.75,4913057
2024-05-13,16.93,16.93,16.72,16.75,5555670
2024-05-14,16.75,16.87,16.72,16.78,4474265
2024-05-15,16.84,16.84,16.75,16.75,7807457
2024-05-16,16.93,17.17,16.81,17.08,30211993
2024-05-17,17.08,17.17,17.05,17.08,8509864
2024-05-20,17.23,17.26,17.05,17.08,9339952
2024-05-21,17.08,17.11,16.84,17.05,10828854
2024-05-22,17.05,17.08,16.87,16.9,9288338
2024-05-23,16.93,17.23,16.93,17.2,10454272
2024-05-24,17.2,18.26,17.08,17.69,33867112
2024-05-27,17.84,18.05,17.69,17.81,7541858
2024-05-28,17.96,17.96,17.72,17.93,10694176
2024-05-29,17.96,17.99,17.69,17.69,13456310
2024-05-30,17.63,17.78,17.45,17.78,13118384
2024-05-31,18.0,18.21,17.74,17.74,11139289
2024-06-03,17.89,17.96,17.71,17.85,16257238
2024-06-04,17.85,17.85,17.6,17.64,9735560
2024-06-05,17.82,17.82,17.49,17.53,10801981
2024-06-06,17.56,17.64,17.49,17.53,8033240
2024-06-07,17.67,17.74,17.49,17.71,5892570
2024-06-10,17.71,17.78,17.49,17.56,7679882
2024-06-11,17.56,17.6,17.35,17.38,9213280
2024-06-12,17.38,17.67,17.2,17.67,10400953
2024-06-13,17.67,17.92,17.56,17.85,11727801
2024-06-14,17.78,17.92,17.71,17.71,11049165
2024-06-17,17.71,17.71,17.46,17.67,6375848
2024-06-18,17.78,17.78,17.56,17.67,5729760
2024-06-19,17.67,17.78,17.46,17.74,7618993
2024-06-20,17.67,17.89,17.56,17.85,10178313
2024-06-21,17.89,17.89,17.64,17.67,5126289
2024-06-24,17.71,17.71,17.2,17.35,14225312
2024-06-25,17.28,17.42,17.2,17.31,6708386
2024-06-26,17.28,17.35,16.99,17.35,10145262
2024-06-27,17.28,17.35,17.13,17.24,4904878
2024-06-28,17.13,17.28,17.1,17.13,5755042
2024-07-01,17.13,17.17,16.99,17.13,3938961
2024-07-02,17.13,17.35,17.06,17.31,5701649
2024-07-03,17.38,17.56,17.24,17.46,5854818
2024-07-04,17.49,17.53,17.24,17.38,6394551
2024-07-05,17.38,17.49,17.28,17.49,6357111
2024-07-08,17.49,17.53,17.35,17.46,4959392
2024-07-09,17.38,17.56,17.31,17.49,8004908
2024-07-10,17.64,17.64,17.46,17.46,6484698
2024-07-11,17.53,17.53,17.38,17.38,5001133
2024-07-12,17.35,17.38,17.13,17.28,7160694
2024-07-15,17.28,17.31,17.2,17.24,4490958
2024-07-16,17.28,17.49,17.24,17.35,7002765
2024-07-17,17.49,18.14,17.42,17.64,28924392
2024-07-18,17.64,18.07,17.64,17.85,10670220
2024-07-19,17.85,18.21,17.74,18.07,17087130
2024-07-22,18.07,18.14,17.74,17.82,15163392
2024-07-23,17.85,17.92,17.28,17.28,15116634
2024-07-24,17.28,17.56,17.13,17.42,12261810
2024-07-25,17.38,17.38,17.13,17.31,7164193
2024-07-26,17.35,17.38,17.28,17.35,3453662
2024-07-29,17.49,17.49,17.31,17.38,4109383
2024-07-30,17.28,17.38,17.24,17.38,5494866
2024-07-31,17.42,17.67,17.35,17.67,8556266
2024-08-01,17.64,17.71,17.24,17.24,9183311
2024-08-02,17.2,17.28,17.02,17.24,13718492
2024-08-05,16.99,17.17,16.66,16.7,20100624
2024-08-06,16.92,17.02,16.74,16.92,8029731
2024-08-07,16.99,16.99,16.77,16.84,4407675
2024-08-08,16.74,16.92,16.74,16.74,3655058
2024-08-09,16.84,16.99,16.77,16.99,3012436
2024-08-12,16.99,17.13,16.77,17.13,4203077
2024-08-13,16.95,17.13,16.92,16.99,2854856
2024-08-14,17.06,17.13,16.95,16.95,3321023
2024-08-15,16.95,16.99,16.88,16.92,2660430
2024-08-16,16.92,17.28,16.92,17.28,6524010
2024-08-19,17.28,17.38,17.24,17.31,3843540
2024-08-20,17.31,17.49,17.28,17.35,5422431
2024-08-21,17.31,17.56,17.31,17.56,6563393
2024-08-22,17.64,17.67,17.49,17.56,6795952
2024-08-23,17.56,17.64,17.46,17.6,3899558
2024-08-26,17.67,17.67,17.56,17.6,4928433
2024-08-27,17.6,17.64,17.56,17.6,4159515
2024-08-28,17.64,17.67,17.56,17.64,5228038
2024-08-29,17.67,17.92,17.67,17.74,8594985
2024-08-30,17.74,17.85,17.74,17.85,4489249
2024-09-04,17.64,17.78,17.6,17.74,5639763
2024-09-05,17.74,17.78,17.6,17.64,3540918
2024-09-06,17.64,17.71,17.6,17.71,5008937
2024-09-09,17.67,17.71,17.49,17.6,4691162
2024-09-10,17.6,17.67,17.35,17.46,6138609
2024-09-11,17.38,17.46,17.35,17.38,3589050
2024-09-12,17.46,17.64,17.42,17.6,2621199
2024-09-13,17.56,17.6,17.46,17.56,2374108
2024-09-16,17.56,17.67,17.38,17.38,3717063
2024-09-17,17.38,17.64,17.35,17.64,4081633
2024-09-18,17.64,17.82,17.53,17.74,8725286
2024-09-19,17.82,17.89,17.71,17.85,5224618
2024-09-20,17.92,18.57,17.92,18.46,34336295
2024-09-23,18.5,18.72,18.43,18.46,8585132
2024-09-24,18.46,18.57,18.28,18.57,12786286
2024-09-25,18.72,18.86,18.57,18.86,23028936
2024-09-26,18.93,18.97,18.72,18.72,18186603
2024-09-27,18.72,19.0,18.64,18.64,10816416
2024-09-30,18.5,18.68,18.5,18.54,8463727
2024-10-01,18.54,18.82,18.54,18.54,10417047
2024-10-02,18.5,18.79,18.43,18.57,10118989
2024-10-03,18.68,18.93,18.5,18.5,14808112
2024-10-04,18.5,18.54,18.28,18.28,8670214
2024-10-07,18.36,18.5,18.25,18.32,6775964
2024-10-08,18.36,18.46,18.25,18.36,6528035
2024-10-09,18.43,18.9,18.39,18.9,20014266
2024-10-10,19.0,19.08,18.75,18.86,9087762
2024-10-11,18.79,18.82,18.64,18.79,6565661
2024-10-14,18.82,18.9,18.68,18.68,9033561
2024-10-15,18.68,18.86,18.57,18.61,7115715
2024-10-16,18.54,18.61,18.43,18.54,5401467
2024-10-17,18.64,18.82,18.54,18.82,9200056
2024-10-18,18.9,19.08,18.68,18.79,11497656
2024-10-21,18.72,18.79,18.57,18.57,5537752
2024-10-22,18.57,18.61,18.28,18.28,12123912
2024-10-23,18.28,18.39,18.1,18.28,7707474
2024-10-24,18.28,18.32,18.0,18.0,8933983
2024-10-25,18.0,18.07,17.89,17.92,9226582
2024-10-28,17.92,18.1,17.82,18.1,5000754
2024-10-29,18.21,18.21,18.07,18.14,4181333
2024-10-30,18.14,18.18,17.96,18.07,3876354
2024-10-31,18.07,18.32,18.03,18.28,5077809
2024-11-01,18.21,18.28,17.92,17.92,7860339
2024-11-04,18.0,18.03,17.74,17.82,9123996
2024-11-05,17.85,17.92,17.82,17.82,3068254
2024-11-06,17.92,18.14,17.85,18.07,6246056
2024-11-07,18.14,18.21,17.92,18.07,4846687
2024-11-08,18.07,18.14,17.82,17.92,8226830
2024-11-11,17.92,18.0,17.74,17.89,6748424
2024-11-12,17.85,17.96,17.74,17.89,4147541
2024-11-13,17.85,17.92,17.71,17.92,6394310
2024-11-14,17.74,17.89,17.67,17.67,5798457
2024-11-15,17.67,17.71,17.49,17.56,9284110
2024-11-18,17.56,17.71,17.35,17.64,8112732
2024-11-19,17.64,17.67,17.49,17.49,5787839
2024-11-20,17.42,17.67,17.38,17.64,6242481
2024-11-21,17.64,17.89,17.46,17.89,7585401
2024-11-22,17.89,17.96,17.74,17.96,5698260
2024-11-25,17.96,18.0,17.85,17.92,4112332
2024-11-26,17.92,18.07,17.89,18.0,3562709
2024-11-27,17.96,18.14,17.96,18.03,2748008
2024-11-28,18.1,18.14,17.96,18.1,4596147
2024-11-29,18.1,18.14,18.0,18.14,3883425
2024-12-02,18.18,18.25,18.03,18.1,2490927
2024-12-03,18.14,18.14,17.96,18.0,6131057
2024-12-04,17.96,18.03,17.89,18.03,4619546
2024-12-05,18.0,18.5,17.96,18.5,8272544
2024-12-06,18.36,18.54,18.36,18.46,6054365
2024-12-09,18.43,18.46,18.25,18.36,5418974
2024-12-10,18.36,18.36,18.25,18.25,3403008
2024-12-11,18.25,18.36,18.14,18.28,8832805
2024-12-12,18.28,18.36,18.18,18.21,5867353
2024-12-13,18.21,18.21,18.07,18.1,6044475
2024-12-16,18.1,18.18,18.03,18.1,5165719
2024-12-17,18.18,18.18,18.03,18.14,3331723
2024-12-18,18.18,18.18,18.07,18.1,3385137
2024-12-19,18.03,18.03,17.78,17.85,9720556
2024-12-20,17.89,17.92,17.82,17.85,4729595
2024-12-23,17.89,17.96,17.85,17.92,3469073
2024-12-24,17.92,18.0,17.85,18.0,3233697
2024-12-25,18.0,18.43,17.96,18.32,9518178
2024-12-26,18.32,18.39,18.28,18.39,5583577
2024-12-27,18.43,18.5,18.36,18.39,7694895
2024-12-30,18.25,18.46,18.25,18.28,5004572
2024-12-31,18.28,18.57,18.25,18.57,8844727
2025-01-02,18.43,18.5,18.28,18.43,4571487
2025-01-03,18.36,18.39,18.07,18.07,5022490
2025-01-06,18.0,18.03,17.82,17.85,12058848
2025-01-07,17.85,18.03,17.85,18.0,5028704
2025-01-08,18.0,18.0,17.85,18.0,4091798
2025-01-09,17.96,18.0,17.89,17.96,3842684
2025-01-10,17.92,17.96,17.78,17.78,4714444
2025-01-13,17.64,17.89,17.64,17.82,4628922
2025-01-14,17.82,17.85,17.64,17.74,5066348
2025-01-15,17.89,17.96,17.74,17.92,7428403
2025-01-16,17.89,18.03,17.78,17.89,5009160
2025-01-17,17.89,18.0,17.85,17.96,2381475
2025-01-20,17.96,18.03,17.85,18.0,4008919
2025-01-21,18.03,18.07,17.89,17.96,4346037
2025-01-22,18.0,18.0,17.85,17.89,2791121
2025-01-23,17.92,18.28,17.92,18.21,8900937
2025-01-24,18.14,18.36,18.14,18.25,4902907
2025-02-03,18.03,18.21,17.92,18.07,4775193
2025-02-04,18.18,18.25,18.03,18.18,4908445
2025-02-05,18.18,18.28,18.14,18.28,7496156
2025-02-06,18.36,18.46,18.28,18.36,5599437
2025-02-07,18.36,18.57,18.28,18.5,9881521
2025-02-10,18.46,18.82,18.36,18.57,14041424
2025-02-11,18.61,18.68,18.5,18.61,5425579
2025-02-12,18.64,18.72,18.46,18.46,6795165
2025-02-13,18.46,18.54,18.39,18.5,5754059
2025-02-14,18.68,18.68,18.5,18.54,8144062
2025-02-17,18.68,18.68,18.54,18.57,5739729
2025-02-18,18.57,18.72,18.54,18.54,5161936
2025-02-19,18.54,18.64,18.5,18.57,5032732
2025-02-20,18.61,18.68,18.54,18.68,5714509
2025-02-21,18.72,18.97,18.68,18.86,12727607
2025-02-24,18.75,18.9,18.75,18.82,6403121
2025-02-25,18.82,18.9,18.72,18.72,6482543
2025-02-26,18.75,18.79,18.68,18.68,5061653
2025-02-27,18.72,18.79,18.61,18.79,5661613
2025-02-28,18.72,18.86,18.57,18.72,5475462
2025-03-03,18.72,18.75,18.57,18.72,5603548
2025-03-04,18.64,18.86,18.57,18.82,9964154
2025-03-05,18.93,19.18,18.82,18.82,11678487
2025-03-06,18.9,19.0,18.82,19.0,5076489
2025-03-07,19.08,19.29,18.97,19.18,10713039
2025-03-10,19.22,19.26,19.0,19.04,8502331
2025-03-11,18.93,19.04,18.79,19.04,9147708
2025-03-12,19.08,19.22,18.86,18.93,7803709
2025-03-13,18.97,19.04,18.79,18.79,8893622
2025-03-14,18.86,18.86,18.64,18.72,11556328
2025-03-17,18.79,18.9,18.72,18.86,5668733
2025-03-18,18.93,19.11,18.9,18.93,6013116
2025-03-19,18.93,18.93,18.75,18.86,7918115
2025-03-20,19.0,19.04,18.82,18.9,4867372
2025-03-21,18.9,18.93,18.79,18.79,4134448
2025-03-24,18.9,18.97,18.75,18.97,7892882
2025-03-25,19.0,19.04,18.82,18.93,5602227
2025-03-26,18.93,19.04,18.79,18.82,7438634
2025-03-27,18.72,18.86,18.68,18.72,6652466
2025-03-28,18.72,18.75,18.61,18.68,9733296
2025-03-31,18.61,18.72,18.57,18.72,9131468
2025-04-01,18.72,18.75,18.64,18.75,3053865
2025-04-02,18.79,18.86,18.64,18.68,7486376
2025-04-03,18.1,18.25,17.38,17.38,39712531
2025-04-04,16.34,17.13,16.2,17.13,72266023
2025-04-08,16.63,16.77,15.95,15.95,43698654
2025-04-09,14.94,16.45,14.94,15.69,36870654
2025-04-10,16.77,16.77,16.77,16.77,998409
2025-04-11,17.85,17.92,17.24,17.89,36003333
2025-04-14,17.89,18.25,17.71,17.85,19376382
2025-04-15,17.71,17.78,17.35,17.35,14735620
2025-04-16,17.6,17.78,17.38,17.49,11039955
2025-04-17,17.64,17.67,17.35,17.49,10144966
2025-04-18,17.64,17.82,17.6,17.64,11002228
2025-04-21,17.53,17.64,17.35,17.35,7252345
2025-04-22,17.49,17.56,16.3,17.35,13618261
2025-04-23,17.71,17.71,17.38,17.71,6836486
2025-04-24,17.56,17.67,17.38,17.38,6482453
2025-04-25,17.56,17.56,17.2,17.2,13363678
2025-04-28,17.31,17.31,17.17,17.24,4010687
2025-04-29,17.24,17.42,17.24,17.31,3585900
2025-05-05,17.46,17.46,17.28,17.31,4634617
2025-05-06,17.31,17.42,17.28,17.28,8439743
2025-05-07,17.42,17.42,17.24,17.28,7763237
2025-05-08,17.35,17.38,17.24,17.38,7289142
2025-05-09,17.6,17.6,17.35,17.38,5623805
2025-05-12,17.46,17.6,17.38,17.56,9196976
2025-05-13,17.67,17.78,17.6,17.71,9657205
2025-05-14,17.74,17.96,17.74,17.85,10926698
2025-05-15,18.36,18.46,18.07,18.39,24662474
2025-05-16,18.5,18.5,18.32,18.32,10707692
2025-05-19,18.32,18.5,18.21,18.28,13928516
2025-05-20,18.36,18.46,18.28,18.43,11033544
2025-05-21,18.54,18.64,18.43,18.46,12374545
2025-05-22,18.5,18.54,18.36,18.39,18047416
2025-05-23,18.57,18.61,18.48,18.61,11984361
2025-05-26,18.61,18.65,18.18,18.52,9963400
2025-05-27,18.61,18.61,18.44,18.48,9336007
2025-05-28,18.52,18.57,18.4,18.44,7876823
2025-05-29,18.48,18.52,18.35,18.35,9082800
2025-05-30,18.35,18.4,18.18,18.18,7933184
2025-06-02,18.18,18.27,18.09,18.18,8200572
2025-06-03,18.22,18.35,18.22,18.31,7288890
2025-06-04,18.35,18.4,18.18,18.18,5699110
2025-06-05,18.22,18.27,18.09,18.09,5332029
2025-06-06,18.14,18.27,18.09,18.09,6801445
2025-06-09,18.09,18.14,18.01,18.05,5723393
2025-06-10,18.14,18.14,18.01,18.05,5728023
2025-06-11,18.09,18.14,18.01,18.05,3589298
2025-06-12,18.14,18.22,18.05,18.14,6553441
2025-06-13,18.09,18.4,18.01,18.14,10066277
2025-06-16,18.09,18.35,18.05,18.35,8998043
2025-06-17,18.44,18.48,18.22,18.27,7039853
2025-06-18,18.27,18.4,18.22,18.35,7436898
2025-06-19,18.35,18.4,18.22,18.35,7286706
2025-06-20,18.35,18.74,18.35,18.48,15766671
2025-06-23,18.44,18.48,18.31,18.4,8994332
2025-06-24,18.48,18.61,18.35,18.35,8582693
2025-06-25,18.4,18.48,18.31,18.31,7782378
2025-06-26,18.35,18.4,18.22,18.27,9905786
2025-06-27,18.35,18.35,18.22,18.27,6321843
2025-06-30,18.31,18.35,18.22,18.35,5868454
2025-07-01,18.35,18.44,18.31,18.35,7539134
2025-07-02,18.35,18.48,18.31,18.35,7639796
2025-07-03,18.4,18.61,18.35,18.44,15138870
2025-07-04,18.48,19.13,18.48,18.83,26970669
2025-07-07,19.0,19.26,18.87,19.17,17384438
2025-07-08,19.3,19.3,19.04,19.17,14709246
2025-07-09,19.17,19.39,19.17,19.34,18749781
2025-07-10,19.52,19.56,19.3,19.43,9160722
2025-07-11,19.43,19.6,19.39,19.56,16019514
2025-07-14,19.6,19.69,19.26,19.56,12333287
2025-07-15,19.56,19.64,19.34,19.34,12711333
2025-07-16,19.34,19.43,19.21,19.34,10956208
2025-07-17,19.34,19.43,19.3,19.34,15133270
2025-07-18,19.39,19.6,19.3,19.52,17870291
2025-07-21,19.56,19.9,19.52,19.69,17165356
2025-07-22,19.69,19.73,19.47,19.73,12055524
2025-07-23,19.86,19.95,19.73,19.82,15223260
2025-07-24,19.95,20.25,19.9,19.99,15188090
2025-07-25,20.2,20.42,20.2,20.33,17577779
2025-07-28,20.42,20.55,20.25,20.55,16899258
2025-07-29,20.59,20.64,19.6,19.6,34057406
2025-07-30,19.6,19.9,19.56,19.82,15022479
2025-07-31,19.99,20.03,19.56,19.82,10618445
2025-08-01,19.82,19.86,19.64,19.82,7330826
2025-08-04,19.82,20.08,19.64,20.08,11154749
2025-08-05,20.25,21.11,20.08,20.2,42372840
2025-08-06,20.42,21.02,20.42,20.85,16273086
2025-08-07,21.02,21.24,20.76,21.02,19117139
2025-08-08,21.11,21.37,20.68,20.89,15806665
2025-08-11,20.94,21.28,20.89,21.02,16076962
2025-08-12,21.11,21.15,20.76,20.89,14645340
2025-08-13,21.02,21.24,20.81,21.11,19307849
2025-08-14,21.32,22.57,21.28,22.57,34951134
2025-08-15,23.52,23.78,22.7,22.88,29353803
2025-08-18,23.09,23.69,22.7,23.31,28502251
2025-08-19,23.31,24.73,23.26,24.51,41213850
2025-08-20,24.56,24.56,23.18,24.12,33304272
2025-08-21,24.38,25.42,24.12,25.37,45828312
2025-08-22,24.99,25.33,23.82,24.0,43047475
2025-08-25,24.3,24.47,22.36,22.57,37437560
2025-08-26,22.62,23.61,22.49,23.56,20828678
2025-08-27,23.95,24.64,23.74,23.82,18847267
2025-08-28,23.95,24.25,23.35,23.74,13939715
2025-08-29,23.91,24.47,23.69,23.95,21650767
2025-09-03,23.87,23.91,23.44,23.69,18739010
2025-09-04,23.78,23.91,23.61,23.82,11295727
2025-09-05,24.08,24.17,23.39,23.39,23556009
2025-09-08,23.26,23.78,22.88,22.88,26179984
2025-09-09,23.22,23.22,22.79,22.88,15233054
2025-09-10,23.0,23.13,22.79,22.88,14111979
2025-09-11,22.83,22.88,22.23,22.57,20469051
2025-09-12,22.88,22.96,22.57,22.66,12233046
2025-09-15,22.66,22.96,22.49,22.75,27934600
2025-09-16,22.92,22.92,22.57,22.75,40131026
2025-09-17,22.75,22.79,22.44,22.53,13070614
2025-09-18,22.57,22.57,22.01,22.01,21872721
2025-09-19,22.23,22.23,21.8,21.84,13447416
2025-09-22,21.93,21.93,21.58,21.67,19425366
2025-09-23,21.67,22.14,21.67,21.84,9405930
2025-09-24,21.97,22.4,21.76,22.4,10862227
2025-09-25,22.53,22.53,22.1,22.1,8170966
2025-09-26,22.1,22.19,21.93,22.1,8983361
2025-09-29,22.01,22.23,21.84,22.06,8274811
2025-09-30,22.19,22.23,21.93,21.97,9286555
2025-10-01,22.14,22.36,22.01,22.23,10490510
2025-10-02,22.32,22.57,22.14,22.19,10950409
2025-10-03,22.19,22.27,21.97,22.1,9825189
2025-10-06,22.53,23.09,22.32,23.09,20307466
2025-10-07,23.18,23.18,22.79,22.79,12409646
2025-10-08,22.96,23.13,22.92,23.05,18241992
2025-10-09,23.09,23.22,22.92,23.22,16402847
2025-10-10,23.31,23.44,23.09,23.22,16356212
2025-10-13,22.88,23.09,22.75,23.05,18393101
2025-10-14,23.05,23.22,22.62,22.66,18552934
2025-10-15,22.75,22.96,22.53,22.66,14442329
2025-10-16,22.75,22.88,22.53,22.66,13474766
2025-10-17,22.66,22.75,22.19,22.19,16312948
2025-10-20,22.06,22.1,21.2,21.37,32258331
2025-10-21,21.41,21.8,21.41,21.54,19394085
2025-10-22,21.71,21.8,21.24,21.63,15635919
2025-10-23,21.63,21.71,21.5,21.5,8759225
2025-10-24,21.5,21.8,21.37,21.54,11733495
2025-10-27,21.8,22.01,21.5,21.54,10218948
2025-10-28,21.63,21.88,21.58,21.88,10313390
2025-10-29,21.88,22.01,21.8,21.88,6358233
2025-10-30,21.97,22.14,21.54,21.63,9320544
2025-10-31,21.8,21.97,21.58,21.97,12754190
2025-11-03,21.88,22.32,21.8,21.93,13878741
2025-11-04,21.93,22.49,21.88,22.4,17988658
2025-11-05,22.23,22.32,22.01,22.06,6234065
2025-11-06,22.01,22.14,21.8,21.8,6532302
2025-11-07,21.76,21.8,21.41,21.45,12120670
2025-11-10,21.45,21.71,21.28,21.37,7235732
2025-11-11,21.41,21.58,21.37,21.41,6968104
2025-11-12,21.54,21.71,21.37,21.71,6325256
2025-11-13,21.71,21.71,21.54,21.63,5644780
2025-11-14,21.63,21.63,21.45,21.5,6770417
2025-11-17,21.54,21.67,21.5,21.67,3951472
2025-11-18,21.71,21.88,21.58,21.63,6397885
2025-11-19,21.67,21.67,21.41,21.45,6002717
2025-11-20,21.54,21.54,21.37,21.37,6159454
2025-11-21,21.32,21.41,21.2,21.28,7305892
2025-11-24,21.28,21.41,21.2,21.2,7090518
2025-11-25,21.24,21.28,20.76,20.85,15874324
2025-11-26,20.85,21.02,20.81,20.85,9009389
2025-11-27,21.07,21.11,20.94,20.98,7797255
2025-11-28,20.98,21.07,20.89,20.89,5364461
2025-12-01,20.94,20.98,20.68,20.68,9256755
2025-12-02,20.72,20.81,20.55,20.64,15516391
2025-12-03,20.68,21.15,20.68,21.07,16069214
2025-12-04,21.15,21.54,21.11,21.45,12228296
2025-12-05,21.45,21.54,20.98,20.98,9005902
2025-12-08,20.89,21.07,20.85,20.85,4944494
2025-12-09,20.85,20.89,20.68,20.76,11333778
2025-12-10,20.81,20.94,20.72,20.76,5465071
2025-12-11,20.89,20.89,20.64,20.64,7536174
2025-12-12,20.72,20.76,20.25,20.25,13941112
2025-12-15,20.25,20.33,20.2,20.29,9324341
2025-12-16,20.29,21.37,20.2,20.68,9839729
2025-12-17,20.72,20.81,20.59,20.68,6440537
2025-12-18,20.68,20.68,20.51,20.55,3564240
2025-12-19,20.59,20.72,20.55,20.59,3543789
2025-12-22,20.68,21.07,20.59,20.94,10020950
2025-12-23,21.07,21.2,20.64,20.85,8588660
2025-12-24,20.81,21.07,20.64,20.94,8716292
2025-12-25,20.94,21.2,20.68,20.68,7258989
2025-12-26,20.59,20.72,20.38,20.59,7843672
2025-12-29,20.55,20.76,20.51,20.68,3777043
2025-12-30,20.68,20.85,20.59,20.76,5342664
2025-12-31,20.81,20.89,20.59,20.68,5939907
2026-01-05,20.68,20.76,20.55,20.68,8996777
2026-01-06,20.72,20.76,20.46,20.68,12750975
2026-01-07,20.85,21.32,20.76,21.24,22766950
2026-01-08,21.32,21.58,21.11,21.15,24942914
2026-01-09,21.28,21.5,21.11,21.15,16473981
2026-01-12,21.24,21.97,21.24,21.97,22324281
2026-01-13,22.14,22.23,21.45,21.45,24157806
2026-01-14,21.54,21.67,21.11,21.24,19476216
2026-01-15,21.41,21.45,21.15,21.45,14181805
2026-01-16,21.54,21.63,21.24,21.41,10951955
2026-01-19,21.45,21.67,21.32,21.63,10939250
2026-01-20,21.63,21.8,21.54,21.58,18402430
2026-01-21,21.54,21.67,21.32,21.41,12933064
2026-01-22,21.45,21.58,21.37,21.41,10092770
2026-01-23,21.54,21.63,21.45,21.58,11789000
2026-01-26,21.58,21.63,21.24,21.37,13755578
2026-01-27,21.2,21.37,21.07,21.28,12479074
2026-01-28,21.07,21.11,20.55,20.59,32328366
2026-01-29,20.68,20.81,20.46,20.51,20359779
2026-01-30,20.55,20.76,20.51,20.76,15676025
2026-02-02,20.72,20.72,20.42,20.46,14321179
2026-02-03,20.51,20.59,20.42,20.42,17680226
2026-02-04,20.42,20.51,20.29,20.33,17895804
2026-02-05,20.38,20.42,20.2,20.2,14058811
2026-02-06,20.16,20.2,19.82,19.82,18628049
2026-02-09,19.99,20.12,19.73,19.77,11149156
2026-02-10,19.9,19.95,19.69,19.82,14134904
2026-02-11,19.86,20.38,19.86,20.38,17808702
2026-02-12,20.38,20.55,20.29,20.55,17478735
2026-02-13,20.55,20.59,20.42,20.55,13641896
2026-02-23,20.68,20.76,20.55,20.72,11548060
2026-02-24,20.76,20.76,20.68,20.68,13811247
2026-02-25,20.76,21.07,20.72,21.07,16978791
2026-02-26,21.11,21.15,20.89,21.07,13382050
2026-02-27,21.07,21.2,20.85,21.15,11061432
2026-03-02,20.68,20.85,20.59,20.64,19355008
2026-03-03,20.64,20.89,20.25,20.25,14116918
2026-03-04,20.25,20.33,19.9,19.99,22018960
2026-03-05,20.25,20.29,19.99,20.29,9941243
2026-03-06,20.25,20.33,19.99,20.08,11708771
2026-03-09,19.04,19.52,18.7,18.7,35511346
2026-03-10,19.43,19.99,18.96,19.95,23185331
2026-03-11,19.86,20.33,19.82,19.99,18316169
2026-03-12,19.82,20.03,19.47,19.95,15688803
2026-03-13,19.77,20.2,19.64,20.2,15536477
2026-03-16,20.16,20.2,20.03,20.2,9546158
2026-03-17,20.25,20.55,20.25,20.46,9860533
2026-03-18,20.46,20.59,20.29,20.46,10517326
2026-03-19,20.25,20.51,20.03,20.33,16625793
2026-03-20,20.16,20.25,19.82,19.82,13785834
2026-03-23,19.77,19.77,19.34,19.39,15874820
2026-03-24,19.6,19.9,19.6,19.9,14010409
2026-03-25,19.99,20.51,19.95,20.51,12457200
2026-03-26,20.42,20.42,20.08,20.33,8303253
2026-03-27,20.16,20.51,20.08,20.51,7647011
2026-03-30,20.08,20.51,20.08,20.46,7423501
2026-03-31,20.38,20.55,20.2,20.29,13107089
2026-04-01,20.55,20.59,20.42,20.51,9891992
2026-04-02,20.42,20.42,20.08,20.33,9777011
2026-04-03,20.33,20.42,20.03,20.25,11394921
2026-04-06,20.25,20.25,19.99,20.03,5563133
2026-04-07,20.03,20.16,19.95,19.99,10482007
2026-04-08,20.42,20.81,20.29,20.76,19741170
2026-04-09,20.72,20.72,20.46,20.55,5150933
2026-04-10,20.76,20.85,20.55,20.55,8152393
2026-04-13,20.51,20.68,20.29,20.46,8098526
2026-04-14,20.64,20.81,20.51,20.68,15460026
2026-04-15,20.81,20.85,20.51,20.51,7267046
2026-04-16,20.59,20.59,20.33,20.38,8631977
2026-04-17,20.42,20.55,20.38,20.46,6079050
2026-04-20,20.55,20.68,20.46,20.64,8677744
2026-04-21,20.68,20.72,20.46,20.46,6833722
2026-04-22,20.46,20.51,20.29,20.33,8815039
2026-04-23,20.29,20.59,20.25,20.25,14046548
2026-04-24,20.29,20.33,20.08,20.16,17490276
2026-04-28,20.16,20.25,20.12,20.25,7249182
2026-04-29,20.25,20.29,20.08,20.25,8944023
2026-05-04,20.29,20.29,19.9,19.9,12033852
2026-05-05,19.9,19.95,19.39,19.47,28835890
2026-05-06,19.52,20.03,19.52,19.9,19413352
2026-05-07,19.9,19.99,19.69,19.73,20251927
2026-05-08,19.73,19.86,19.69,19.69,15744355
2026-05-11,19.82,19.82,19.6,19.6,12884070
2026-05-12,19.64,19.69,19.52,19.56,10954421
2026-05-13,19.56,19.6,19.3,19.39,21254892
2026-05-14,19.39,19.73,19.39,19.64,16153336
2026-05-15,19.64,20.12,19.64,20.08,21605747
2026-05-18,19.9,20.03,19.73,19.82,11135915
2026-05-19,19.82,19.9,19.64,19.64,15530872
2026-05-20,19.64,19.64,19.34,19.52,22404720
2026-05-21,19.56,19.73,19.52,19.64,13398784
2026-05-22,19.64,19.77,19.56,19.69,10683861
2026-05-25,19.77,20.33,19.77,20.29,30495385
2026-05-26,20.33,21.45,20.29,21.37,58864952
2026-05-27,21.41,21.93,21.15,21.71,40542730
2026-05-28,21.63,21.8,21.24,21.24,21735191
2026-05-29,21.11,21.71,21.11,21.45,16950585
2026-06-01,21.45,21.58,21.15,21.45,15979725
2026-06-02,21.45,21.88,21.32,21.63,33131904
2026-06-03,21.45,22.57,21.45,22.4,60794665
2026-06-04,22.4,22.83,22.32,22.62,46918657
2026-06-05,22.57,22.66,22.27,22.53,27603108
2026-06-08,22.14,22.4,21.67,21.76,27706020
2026-06-09,21.84,22.83,21.84,22.83,48813888
2026-06-10,22.83,23.31,22.53,22.83,38043997
2026-06-11,22.57,22.88,22.57,22.83,23618890
2026-06-12,23.0,23.35,22.83,22.83,61192641
2026-06-15,23.1,23.1,22.5,22.75,16028410
2026-06-16,22.8,22.85,22.3,22.3,13363274
2026-06-17,22.3,22.3,21.9,22.0,20872225
2026-06-18,22.0,22.55,22.0,22.4,12575431
2026-06-19,22.4,22.45,22.05,22.2,7449991
2026-06-22,22.2,22.3,21.95,22.0,9958486
2026-06-23,22.0,22.85,21.9,22.35,22629615
2026-06-24,22.35,22.7,22.3,22.5,10848609
2026-06-25,22.55,22.7,22.35,22.4,10319900
2026-06-26,22.35,22.65,22.35,22.6,10774200
2026-06-29,22.6,23.0,22.6,22.9,13106300
2026-06-30,22.95,22.95,22.6,22.65,6785500
2026-07-01,22.65,22.8,22.45,22.65,10671800
2026-07-02,22.65,23.0,22.55,22.65,10197900
2026-07-03,22.55,22.65,22.45,22.65,10682700
2026-07-06,22.65,22.7,22.05,22.2,12785000
2026-07-07,22.2,22.6,22.15,22.6,11125100
2026-07-08,22.6,22.85,22.55,22.7,9270600
2026-07-09,22.6,23.2,22.45,22.8,18929000
2026-07-10,22.8,22.85,22.55,22.55,7372900
2026-07-13,22.5,22.65,22.3,22.45,15406600
2026-07-14,22.35,23.1,22.3,22.85,18290500
2026-07-15,22.85,23.3,22.75,23.1,23294700
2026-07-16,22.95,23.75,22.95,23.75,45574000
2026-07-17,23.8,23.85,23.35,23.55,10238300
2026-07-20,23.5,23.5,22.65,22.85,22380200
2026-07-21,22.6,23.15,22.6,22.85,16446800
2026-07-22,22.95,23.1,22.4,22.4,30708700
2026-07-23,22.4,22.75,21.65,22.5,27165000
2026-07-24,22.1,22.65,22.1,22.5,13447000
2026-07-27,22.5,22.6,22.3,22.3,18914800
2026-07-28,22.15,22.65,22.1,22.5,15653800
2026-07-29,22.35,22.55,22.1,22.3,11700900
2026-07-30,22.2,22.55,22.15,22.35,12071600
2026-07-31,22.6,22.6,21.8,21.9,15165000
2026-08-03,22.0,22.55,21.95,22.55,9511900
2026-08-04,22.6,22.65,22.25,22.45,10497900
2026-08-05,22.45,22.55,22.25,22.45,11224100
2026-08-06,22.4,22.5,22.15,22.15,8170300
2026-08-07,22.05,22.5,22.05,22.4,9526200
2026-08-10,22.4,22.8,22.35,22.65,12233400
2026-08-11,22.65,22.75,22.5,22.65,9756800
2026-08-12,22.65,22.8,22.6,22.75,10994300
2026-08-13,22.75,22.8,22.2,22.2,11815100
2026-08-14,22.2,22.3,22.1,22.15,7123300
2026-08-17,22.15,22.3,21.85,21.85,8429500
2026-08-18,21.85,22.1,21.55,21.65,7316500
2026-08-19,21.65,21.9,21.6,21.8,6245800
2026-08-20,21.85,22.1,21.85,21.95,7594400
2026-08-21,21.95,22.75,21.9,22.75,12170700
2026-08-24,22.75,22.75,22.45,22.5,6381200
2026-08-25,22.5,22.7,22.2,22.2,7780000
2026-08-26,22.25,22.45,22.15,22.25,7440600
2026-08-27,22.25,22.65,22.25,22.6,7430300
2026-08-28,22.6,22.7,22.45,22.65,5560400
2026-09-03,22.55,22.55,22.2,22.2,10284000
2026-09-04,22.2,22.4,22.15,22.2,7950500
2026-09-07,22.2,22.35,22.15,22.25,3963500
2026-09-08,22.3,22.35,22.2,22.3,2754600
2026-09-09,22.3,22.6,22.2,22.45,7439600
2026-09-10,22.45,22.5,22.35,22.4,3925600
2026-09-11,22.3,22.35,22.0,22.05,8653100
2026-09-14,22.05,22.15,21.95,22.05,5907500
2026-09-15,22.2,22.3,22.0,22.1,6877300
2026-09-16,22.1,22.6,22.05,22.6,8017800
2026-09-17,22.45,22.8,22.35,22.8,9239200
2026-09-18,22.8,22.85,21.9,21.9,10475900
2026-09-21,22.3,22.4,21.9,22.4,9212300
2026-09-22,22.4,22.5,22.0,22.0,7237000
2026-09-23,22.0,22.15,21.75,21.8,11013700
2026-09-24,21.9,21.9,21.3,21.4,8843500
2026-09-25,21.4,21.6,21.25,21.4,6080700
2026-09-28,21.3,21.4,21.0,21.1,8042100
2026-09-29,21.1,21.25,21.05,21.05,7059700
2026-09-30,21.1,21.5,21.1,21.1,5938000
2026-10-01,21.1,21.25,21.05,21.1,3419400
2026-10-02,21.1,21.25,21.05,21.1,6545100
2026-10-05,21.1,21.2,20.95,21.0,5149200
2026-10-06,21.0,21.05,20.4,20.6,12839800
